domain,occurrences,type,sample_url,sample_intent
reddit.com,17,community,https://www.reddit.com/r/Calibre/comments/13yhk1b/why_does_my_pdf_look_a_mess_after_converting_from/,efficiency
convertio.co,10,aggregator,https://convertio.co/epub-doc/,efficiency
epubor.com,8,vertical,https://www.epubor.com/ultimate.html,efficiency
freeconvert.com,6,aggregator,https://www.freeconvert.com/azw3-to-pdf,efficiency
kindlepreneur.com,5,vertical,https://kindlepreneur.com/epub-vs-mobi-vs-pdf/,troubleshoot
convertfiles.com,5,aggregator,https://www.convertfiles.com/convert/document/fb2-to-epub,ai-feed
zamzar.com,5,aggregator,https://www.zamzar.com/convert/epub-to-mobi/,efficiency
cloudconvert.com,5,aggregator,https://cloudconvert.com/fb2-to-epub,efficiency
quora.com,4,community,https://www.quora.com/What-is-the-best-way-to-convert-a-DjVu-file-to-PDF,troubleshoot
pdf.wondershare.com,4,aggregator,https://pdf.wondershare.com/pdf-knowledge/convert-djvu-to-pdf.html,efficiency
github.com,4,community,https://github.com/RLAlpha49/EpubToHtml,efficiency
ebook.online-convert.com,4,aggregator,https://ebook.online-convert.com/convert/azw3-to-pdf,efficiency
kitaboo.com,4,ai-tool,https://kitaboo.com/docx-to-epub-converter/,troubleshoot
mobileread.com,3,community,https://www.mobileread.com/forums/showthread.php?t=359488,troubleshoot
cigatisolutions.com,3,other,https://www.cigatisolutions.com/blog/convert-epub-to-word/,ai-feed
superuser.com,3,other,https://superuser.com/questions/909415/convert-epub-to-pdf-with-original-print-formatting,troubleshoot
pdf2go.com,3,other,https://www.pdf2go.com/epub-to-pdf,legacy
lifewire.com,3,other,https://www.lifewire.com/fb2-file-2621225,legacy
adobe.com,3,other,https://www.adobe.com/acrobat/hub/how-to-convert-epub-to-pdf.html,layout
howtoconvert.co,3,other,https://howtoconvert.co/blog/best-ebook-converter-apps,efficiency
bookrunch.org,3,other,https://bookrunch.org/news/top_5_calibre_alternatives/,efficiency
epub.to,2,other,https://epub.to/epub-kindle/,ai-feed
pdfguru.com,2,other,https://pdfguru.com/plus/azw3-to-pdf,efficiency
cloudwards.net,2,other,https://www.cloudwards.net/epub-vs-mobi/,troubleshoot
sysinfotools.com,2,other,https://www.sysinfotools.com/blog/convert-epub-to-text/,ai-feed
epublys.com,2,other,https://epublys.com/how-to-convert-docx-to-epub,ai-feed
any-ebook-converter.com,2,other,https://www.any-ebook-converter.com/guide/epub-to-txt.html,ai-feed
pdfmate.com,2,other,https://www.pdfmate.com/difference-between-mobi-and-azw3.html,troubleshoot
helpndoc.com,2,other,https://www.helpndoc.com/step-by-step-guides/how-to-convert-a-word-docx-file-to-an-epub-or-kindle-ebook/,ai-feed
macsonik.com,2,other,https://www.macsonik.com/blog/convert-epub-to-html/,ai-feed
freefileconvert.com,2,other,https://freefileconvert.com/azw3-pdf,efficiency
mconverter.eu,2,other,https://mconverter.eu/convert/fb2/epub/,legacy
online2pdf.com,2,other,https://online2pdf.com/convert-rtf-to-epub,efficiency
onlineconvertfree.com,2,other,https://onlineconvertfree.com/convert-format/epub-to-mobi/,efficiency
toolkit.bot,2,other,https://toolkit.bot/blog/convert-pdf-to-reflowable-epub,troubleshoot
kdpcommunity.com,2,other,https://www.kdpcommunity.com/s/question/0D58V00007z9ZRISA2/content-of-the-pdf-will-change-after-converting-it-into-epub?language=en_US,troubleshoot
pdf.easeus.com,2,other,https://pdf.easeus.com/pdf-knowledge-center/epub-vs-pdf.html,troubleshoot
alternativeto.net,2,other,https://alternativeto.net/software/cloudconvert/,efficiency
e-conv.com,2,other,https://e-conv.com/,efficiency
wizread.io,2,other,https://wizread.io/blog/epub-vs-mobi-vs-azw3-ebook-format-comparison/,troubleshoot
zdnet.com,1,other,https://www.zdnet.com/article/how-to-convert-epub-files-to-kindle-format/,device
blog.usro.net,1,other,https://blog.usro.net/2024/10/what-file-format-does-kindle-paperwhite-use/,device
blog.chapter.pub,1,other,https://blog.chapter.pub/epub-to-kindle/,device
automateed.com,1,other,https://www.automateed.com/how-to-get-epub-on-kindle,device
wellbeing.io,1,other,https://wellbeing.io/technology/what-formats-does-kindle-support/,device
kboards.com,1,other,https://www.kboards.com/threads/is-there-any-benefit-to-using-azw3-vs-mobi.249884/,device
computingforgeeks.com,1,other,https://computingforgeeks.com/how-to-convert-epub-file-to-pdf-format-on-linux-cli/,device
askubuntu.com,1,other,https://askubuntu.com/questions/299747/converting-epub-files-to-pdf-format,device
baeldung.com,1,other,https://www.baeldung.com/linux/epub-convert-pdf,device
snipplr.com,1,other,https://snipplr.com/view/70884/convert-epub-to-pdf-in-linux-command-line,device
docs.apryse.com,1,other,https://docs.apryse.com/cli/guides/docpub,device
forums.linuxmint.com,1,other,https://forums.linuxmint.com/viewtopic.php?t=81108,device
42.mach7x.com,1,other,https://www.42.mach7x.com/2023/11/19/convert-epub-file-to-pdf-in-linux-cli/,device
dochub.com,1,other,https://www.dochub.com/en/functionalities/convert-epub-to-pdf-in-linux,device
apple.stackexchange.com,1,other,https://apple.stackexchange.com/questions/389842/how-to-convert-an-epub-file-to-pdf-from-the-command-line,device
textmuncher.com,1,other,https://textmuncher.com/blog/kindle-books-notebooklm,ai-feed
notebooklmsource.com,1,other,https://www.notebooklmsource.com/import/book-import-notebooklm/epub,ai-feed
phandroid.com,1,other,https://phandroid.com/2026/03/10/you-can-now-drop-an-e-book-straight-into-notebooklm/,ai-feed
ghacks.net,1,other,https://www.ghacks.net/2026/03/10/google-adds-epub-support-to-notebooklm-making-it-more-useful-for-students/,ai-feed
markdownconverters.com,1,other,https://markdownconverters.com/guides/upload-epub-to-notebooklm,ai-feed
linkedin.com,1,other,https://www.linkedin.com/posts/mkassorla_now-that-notebooklm-is-even-more-amazing-activity-7357121637181259776-3e9D,ai-feed
stackoverflow.com,1,community,https://stackoverflow.com/questions/73113361/how-can-i-convert-epubs-to-txt-from-a-windows-command-line-while-preserving-li,ai-feed
unix.stackexchange.com,1,other,https://unix.stackexchange.com/questions/647686/convert-epub-to-txt-and-preserve-original-formatting,ai-feed
butdoc.com,1,other,https://butdoc.com/epub-to-word/,ai-feed
vertopal.com,1,other,https://www.vertopal.com/en/convert/epub-to-docx,ai-feed
e-iceblue.com,1,other,https://www.e-iceblue.com/en/doc/convert-epub-to-word.html,ai-feed
aconvert.com,1,aggregator,https://www.aconvert.com/ebook/epub-to-html/,ai-feed
products.aspose.app,1,other,https://products.aspose.app/words/conversion/epub-to-html,ai-feed
dropbox.com,1,other,https://www.dropbox.com/resources/convert-scanned-document-to-pdf,legacy
reaconverter.com,1,aggregator,https://www.reaconverter.com/convert/djvu_to_pdf.html,legacy
converteasly.com,1,other,https://www.converteasly.com/uploads/rich-text-format-to-epub/122,legacy
anyconv.com,1,other,https://anyconv.com/rtf-to-epub-converter/,legacy
bookize.com,1,other,https://www.bookize.com/rtf-to-epub/,legacy
flowpaper.com,1,other,https://flowpaper.com/How-to-Convert-PDF-documents-into-EPUB-publications/,layout
xconvert.com,1,other,https://www.xconvert.com/convert-pdf-to-epub,layout
tooltea.com,1,other,https://tooltea.com/convert/pdf-to-epub,layout
kfxtool.com,1,other,https://www.kfxtool.com/en/blog/scanned-pdf-to-epub.html,layout
freepdfconvert.com,1,other,https://www.freepdfconvert.com/epub-to-pdf,layout
askmvcclibrary.mvcc.edu,1,other,https://askmvcclibrary.mvcc.edu/faq/376408,layout
tools.pdf24.org,1,other,https://tools.pdf24.org/en/epub-to-pdf,layout
justpublishingadvice.com,1,other,https://justpublishingadvice.com/how-you-can-easily-convert-epub-to-pdf-for-ebooks/,layout
networkcultures.org,1,other,https://networkcultures.org/digitalpublishing/2014/03/28/converting-a-docx-directly-to-epub-using-calibre/,layout
barkerbooks.com,1,other,https://barkerbooks.com/convert-from-word-to-epub/,layout
goodnovel.com,1,other,https://www.goodnovel.com/qa/calibre-convert-doc-epub-toc,layout
runconvert.com,1,other,https://www.runconvert.com/epub-to-mobi,efficiency
pdf.minitool.com,1,other,https://pdf.minitool.com/news/azw3-to-pdf.html,efficiency
technicalwall.com,1,other,https://technicalwall.com/alternatives/best-calibre-alternatives/,efficiency
calibre.en.softonic.com,1,other,https://calibre.en.softonic.com/windows/alternatives,efficiency
rigorousthemes.com,1,other,https://rigorousthemes.com/blog/best-calibre-alternatives/,efficiency
filenaut.com,1,other,https://filenaut.com/guides/best-calibre-alternative,efficiency
calibre-portable.en.softonic.com,1,other,https://calibre-portable.en.softonic.com/windows/alternatives,efficiency
alfaebooks.com,1,other,https://www.alfaebooks.com/best_calibre_alternative,efficiency
wiki.mobileread.com,1,community,https://wiki.mobileread.com/wiki/E-book_conversion,efficiency
apps.microsoft.com,1,other,https://apps.microsoft.com/detail/9nxmp2kbf43z?hl=en-US&gl=US,efficiency
ebook-converter.net,1,other,https://www.ebook-converter.net/,efficiency
ebook2pdf.com,1,other,https://ebook2pdf.com/,efficiency
ebookpbook.com,1,other,https://www.ebookpbook.com/2026/04/01/pdf-to-epub-conversion-problems/,troubleshoot
makeuseof.com,1,other,https://www.makeuseof.com/tag/ebook-formats-explained/,troubleshoot
en.wikipedia.org,1,other,https://en.wikipedia.org/wiki/Comparison_of_e-book_formats,troubleshoot
blog.bookautoai.com,1,ai-tool,https://blog.bookautoai.com/epub-vs-mobi-vs-azw3/,troubleshoot
digitalbook.io,1,other,https://www.digitalbook.io/blog/how-to-convert-epub-to-mobi-or-azw3/,troubleshoot
editionguard.com,1,other,https://www.editionguard.com/learn/e-book-formats-why-choose-one-or-the-other/,troubleshoot
success.vitalsource.com,1,other,https://success.vitalsource.com/hc/en-us/articles/24788102132247-Digital-Reading-Revolution-ePUB-vs-PDF-Explained,troubleshoot
thoughtco.com,1,other,https://www.thoughtco.com/epub-vs-pdf-3467286,troubleshoot
getbookshelves.app,1,other,https://getbookshelves.app/guides/epub-vs-pdf/,troubleshoot
connect.ebsco.com,1,other,https://connect.ebsco.com/s/article/What-is-the-difference-between-PDF-and-EPUB-when-downloading-eBooks?language=en_US,troubleshoot
g2.com,1,other,https://www.g2.com/products/cloudconvert/competitors/alternatives,intercept
saasworthy.com,1,other,https://www.saasworthy.com/product-alternative/free/12215/cloudconvert,intercept
capterra.com,1,other,https://www.capterra.com/p/157495/CloudConvert/,intercept
sourceforge.net,1,other,https://sourceforge.net/software/product/CloudConvert/alternatives,intercept
ebool.com,1,other,https://www.ebool.com/alternatives/cloudconvert,intercept
slashdot.org,1,other,https://slashdot.org/software/p/CloudConvert/alternatives,intercept
techjockey.com,1,other,https://www.techjockey.com/alternatives/cloudconvert,intercept
spotsaas.com,1,other,https://www.spotsaas.com/product/cloudconvert/alternatives,intercept
saashub.com,1,other,https://www.saashub.com/cloudconvert-alternatives,intercept
papertrue.com,1,other,https://www.papertrue.com/blog/ebook-conversion-services/,intercept
alphaebook.com,1,other,https://www.alphaebook.com/10-best-ebook-conversion-services-to-explore-in-2025/,intercept
