engine,question,intent,target_slug,domain,url,is_bookconv
Brave,How do I convert EPUB to read on my Kindle Paperwhite without losing formatting?,device,epub-to-azw3,epubor.com,https://epubor.com/how-to-read-epub-on-kindle-paperwhite.html,False
Brave,How do I convert EPUB to read on my Kindle Paperwhite without losing formatting?,device,epub-to-azw3,kindlepreneur.com,https://kindlepreneur.com/epub-to-kindle/,False
Brave,How do I convert EPUB to read on my Kindle Paperwhite without losing formatting?,device,epub-to-azw3,zdnet.com,https://www.zdnet.com/article/how-to-convert-epub-files-to-kindle-format/,False
Brave,How do I convert EPUB to read on my Kindle Paperwhite without losing formatting?,device,epub-to-azw3,reddit.com,https://www.reddit.com/r/kindle/comments/1amggwm/can_i_move_my_epub_files_into_kindle_to_read/,False
Brave,How do I convert EPUB to read on my Kindle Paperwhite without losing formatting?,device,epub-to-azw3,blog.usro.net,https://blog.usro.net/2024/10/what-file-format-does-kindle-paperwhite-use/,False
Brave,How do I convert EPUB to read on my Kindle Paperwhite without losing formatting?,device,epub-to-azw3,epub.to,https://epub.to/epub-kindle/,False
Brave,How do I convert EPUB to read on my Kindle Paperwhite without losing formatting?,device,epub-to-azw3,reddit.com,https://www.reddit.com/r/kindle/comments/139r8vl/whats_the_best_format_to_convert_epub_ebooks_to/,False
Brave,How do I convert EPUB to read on my Kindle Paperwhite without losing formatting?,device,epub-to-azw3,blog.chapter.pub,https://blog.chapter.pub/epub-to-kindle/,False
Brave,How do I convert EPUB to read on my Kindle Paperwhite without losing formatting?,device,epub-to-azw3,automateed.com,https://www.automateed.com/how-to-get-epub-on-kindle,False
Brave,How do I convert EPUB to read on my Kindle Paperwhite without losing formatting?,device,epub-to-azw3,reddit.com,https://www.reddit.com/r/kindle/comments/114ieca/is_there_any_way_to_load_epub_files_onto_a_kindle/,False
Brave,Amazon dropped MOBI on Kindle. Should I convert my books to EPUB or AZW3?,device,azw3-to-epub,kindlepreneur.com,https://kindlepreneur.com/epub-vs-mobi-vs-pdf/,False
Brave,Amazon dropped MOBI on Kindle. Should I convert my books to EPUB or AZW3?,device,azw3-to-epub,pdfguru.com,https://pdfguru.com/plus/blog/epub-vs-mobi,False
Brave,Amazon dropped MOBI on Kindle. Should I convert my books to EPUB or AZW3?,device,azw3-to-epub,wellbeing.io,https://wellbeing.io/technology/what-formats-does-kindle-support/,False
Brave,Amazon dropped MOBI on Kindle. Should I convert my books to EPUB or AZW3?,device,azw3-to-epub,cloudwards.net,https://www.cloudwards.net/epub-vs-mobi/,False
Brave,Amazon dropped MOBI on Kindle. Should I convert my books to EPUB or AZW3?,device,azw3-to-epub,mobileread.com,https://www.mobileread.com/forums/showthread.php?t=359488,False
Brave,Amazon dropped MOBI on Kindle. Should I convert my books to EPUB or AZW3?,device,azw3-to-epub,kboards.com,https://www.kboards.com/threads/is-there-any-benefit-to-using-azw3-vs-mobi.249884/,False
Brave,Amazon dropped MOBI on Kindle. Should I convert my books to EPUB or AZW3?,device,azw3-to-epub,reddit.com,https://www.reddit.com/r/Calibre/comments/105vr4y/what_format_do_i_need_to_convert_my_kindle_ebooks/,False
Brave,Amazon dropped MOBI on Kindle. Should I convert my books to EPUB or AZW3?,device,azw3-to-epub,reddit.com,https://www.reddit.com/r/kindle/comments/8qi32b/converting_epub_files_mobi_or_azw3/,False
Brave,Amazon dropped MOBI on Kindle. Should I convert my books to EPUB or AZW3?,device,azw3-to-epub,reddit.com,https://www.reddit.com/r/kindle/comments/yh1ucx/between_azw_mobi_and_epub_which_is_the_best_and/,False
Brave,Amazon dropped MOBI on Kindle. Should I convert my books to EPUB or AZW3?,device,azw3-to-epub,quora.com,https://www.quora.com/What-is-the-difference-between-MOBI-and-AZW3-files-Which-one-should-be-used-when-reading-books-on-Kindle-app,False
Brave,What is the best format for Kindle, AZW3 or MOBI, and how do I convert AZW3 to MOBI?,device,azw3-to-mobi,reddit.com,https://www.reddit.com/r/Calibre/comments/105vr4y/what_format_do_i_need_to_convert_my_kindle_ebooks/,False
Brave,What is the best format for Kindle, AZW3 or MOBI, and how do I convert AZW3 to MOBI?,device,azw3-to-mobi,reddit.com,https://www.reddit.com/r/kindle/comments/f2zkx2/azw3_vs_mobi_why_is_azw3_better_than_mobi/,False
Brave,What is the best format for Kindle, AZW3 or MOBI, and how do I convert AZW3 to MOBI?,device,azw3-to-mobi,kboards.com,https://www.kboards.com/threads/is-there-any-benefit-to-using-azw3-vs-mobi.249884/,False
Brave,What is the best format for Kindle, AZW3 or MOBI, and how do I convert AZW3 to MOBI?,device,azw3-to-mobi,reddit.com,https://www.reddit.com/r/kindle/comments/8qi32b/converting_epub_files_mobi_or_azw3/,False
Brave,What is the best format for Kindle, AZW3 or MOBI, and how do I convert AZW3 to MOBI?,device,azw3-to-mobi,pdfmate.com,https://www.pdfmate.com/difference-between-mobi-and-azw3.html,False
Brave,What is the best format for Kindle, AZW3 or MOBI, and how do I convert AZW3 to MOBI?,device,azw3-to-mobi,quora.com,https://www.quora.com/What-is-the-difference-between-MOBI-and-AZW3-files-Which-one-should-be-used-when-reading-books-on-Kindle-app,False
Brave,What is the best format for Kindle, AZW3 or MOBI, and how do I convert AZW3 to MOBI?,device,azw3-to-mobi,adobe.com,https://www.adobe.com/uk/acrobat/resources/kindle-file-formats.html,False
Brave,What is the best format for Kindle, AZW3 or MOBI, and how do I convert AZW3 to MOBI?,device,azw3-to-mobi,reddit.com,https://www.reddit.com/r/kindle/comments/9xslfw/to_which_format_among_azw3_and_mobi_should_i/,False
Brave,What is the best format for Kindle, AZW3 or MOBI, and how do I convert AZW3 to MOBI?,device,azw3-to-mobi,reddit.com,https://www.reddit.com/r/kindle/comments/1cc9ep9/azw3_vs_epub_whats_the_difference/,False
Brave,What is the best format for Kindle, AZW3 or MOBI, and how do I convert AZW3 to MOBI?,device,azw3-to-mobi,scribemedia.com,https://scribemedia.com/blog/convert-epub-to-mobi,False
Brave,How can I convert EPUB to PDF on Linux command line using a simple tool?,device,epub-to-pdf,computingforgeeks.com,https://computingforgeeks.com/how-to-convert-epub-file-to-pdf-format-on-linux-cli/,False
Brave,How can I convert EPUB to PDF on Linux command line using a simple tool?,device,epub-to-pdf,askubuntu.com,https://askubuntu.com/questions/299747/converting-epub-files-to-pdf-format,False
Brave,How can I convert EPUB to PDF on Linux command line using a simple tool?,device,epub-to-pdf,baeldung.com,https://www.baeldung.com/linux/epub-convert-pdf,False
Brave,How can I convert EPUB to PDF on Linux command line using a simple tool?,device,epub-to-pdf,snipplr.com,https://snipplr.com/view/70884/convert-epub-to-pdf-in-linux-command-line,False
Brave,How can I convert EPUB to PDF on Linux command line using a simple tool?,device,epub-to-pdf,docs.apryse.com,https://docs.apryse.com/cli/guides/docpub,False
Brave,How can I convert EPUB to PDF on Linux command line using a simple tool?,device,epub-to-pdf,reddit.com,https://www.reddit.com/r/Ubuntu/comments/nqj3gn/epub_to_pdf_converter_software/,False
Brave,How can I convert EPUB to PDF on Linux command line using a simple tool?,device,epub-to-pdf,forums.linuxmint.com,https://forums.linuxmint.com/viewtopic.php?t=81108,False
Brave,How can I convert EPUB to PDF on Linux command line using a simple tool?,device,epub-to-pdf,42.mach7x.com,https://www.42.mach7x.com/2023/11/19/convert-epub-file-to-pdf-in-linux-cli/,False
Brave,How can I convert EPUB to PDF on Linux command line using a simple tool?,device,epub-to-pdf,dochub.com,https://www.dochub.com/en/functionalities/convert-epub-to-pdf-in-linux,False
Brave,How can I convert EPUB to PDF on Linux command line using a simple tool?,device,epub-to-pdf,apple.stackexchange.com,https://apple.stackexchange.com/questions/389842/how-to-convert-an-epub-file-to-pdf-from-the-command-line,False
Brave,How do I extract text from an EPUB or MOBI book to upload into NotebookLM?,ai-feed,epub-to-txt,textmuncher.com,https://textmuncher.com/blog/kindle-books-notebooklm,False
Brave,How do I extract text from an EPUB or MOBI book to upload into NotebookLM?,ai-feed,epub-to-txt,reddit.com,https://www.reddit.com/r/notebooklm/comments/1g46z8b/how_is_everyone_getting_the_ebooks_necessary_to/,False
Brave,How do I extract text from an EPUB or MOBI book to upload into NotebookLM?,ai-feed,epub-to-txt,epubor.com,https://www.epubor.com/how-to-upload-kindle-books-to-notebooklm.html,False
Brave,How do I extract text from an EPUB or MOBI book to upload into NotebookLM?,ai-feed,epub-to-txt,notebooklmsource.com,https://www.notebooklmsource.com/import/book-import-notebooklm/epub,False
Brave,How do I extract text from an EPUB or MOBI book to upload into NotebookLM?,ai-feed,epub-to-txt,phandroid.com,https://phandroid.com/2026/03/10/you-can-now-drop-an-e-book-straight-into-notebooklm/,False
Brave,How do I extract text from an EPUB or MOBI book to upload into NotebookLM?,ai-feed,epub-to-txt,ghacks.net,https://www.ghacks.net/2026/03/10/google-adds-epub-support-to-notebooklm-making-it-more-useful-for-students/,False
Brave,How do I extract text from an EPUB or MOBI book to upload into NotebookLM?,ai-feed,epub-to-txt,reddit.com,https://www.reddit.com/r/notebooklm/comments/1tt08if/i_cannot_longer_upload_epubs_as_a_source/,False
Brave,How do I extract text from an EPUB or MOBI book to upload into NotebookLM?,ai-feed,epub-to-txt,reddit.com,https://www.reddit.com/r/notebooklm/comments/1pyjurm/i_made_a_tool_that_converts_epub_files_into/,False
Brave,How do I extract text from an EPUB or MOBI book to upload into NotebookLM?,ai-feed,epub-to-txt,markdownconverters.com,https://markdownconverters.com/guides/upload-epub-to-notebooklm,False
Brave,How do I extract text from an EPUB or MOBI book to upload into NotebookLM?,ai-feed,epub-to-txt,linkedin.com,https://www.linkedin.com/posts/mkassorla_now-that-notebooklm-is-even-more-amazing-activity-7357121637181259776-3e9D,False
Brave,What is the easiest way to convert EPUB to TXT without line break issues?,ai-feed,epub-to-txt,stackoverflow.com,https://stackoverflow.com/questions/73113361/how-can-i-convert-epubs-to-txt-from-a-windows-command-line-while-preserving-li,False
Brave,What is the easiest way to convert EPUB to TXT without line break issues?,ai-feed,epub-to-txt,sysinfotools.com,https://www.sysinfotools.com/blog/convert-epub-to-text/,False
Brave,What is the easiest way to convert EPUB to TXT without line break issues?,ai-feed,epub-to-txt,unix.stackexchange.com,https://unix.stackexchange.com/questions/647686/convert-epub-to-txt-and-preserve-original-formatting,False
Brave,What is the easiest way to convert EPUB to TXT without line break issues?,ai-feed,epub-to-txt,reddit.com,https://www.reddit.com/r/notebooklm/comments/1pyjurm/i_made_a_tool_that_converts_epub_files_into/,False
Brave,What is the easiest way to convert EPUB to TXT without line break issues?,ai-feed,epub-to-txt,epublys.com,https://epublys.com/convert-epub-to-txt,False
Brave,What is the easiest way to convert EPUB to TXT without line break issues?,ai-feed,epub-to-txt,cigatisolutions.com,https://www.cigatisolutions.com/blog/convert-epub-to-text/,False
Brave,What is the easiest way to convert EPUB to TXT without line break issues?,ai-feed,epub-to-txt,any-ebook-converter.com,https://www.any-ebook-converter.com/guide/epub-to-txt.html,False
Brave,What is the easiest way to convert EPUB to TXT without line break issues?,ai-feed,epub-to-txt,convertfiles.com,https://www.convertfiles.com/convert/ebook/epub-to-txt,False
Brave,What is the easiest way to convert EPUB to TXT without line break issues?,ai-feed,epub-to-txt,pdfmate.com,https://www.pdfmate.com/epub-to-txt-converter.html,False
Brave,What is the easiest way to convert EPUB to TXT without line break issues?,ai-feed,epub-to-txt,epubor.com,https://www.epubor.com/how-to-convert-epub-to-txt.html,False
Brave,How do I turn an EPUB ebook into a Word document (DOCX) so I can edit it?,ai-feed,epub-to-word,helpndoc.com,https://www.helpndoc.com/step-by-step-guides/how-to-convert-an-epub-ebook-to-a-pdf-or-word-docx-document/,False
Brave,How do I turn an EPUB ebook into a Word document (DOCX) so I can edit it?,ai-feed,epub-to-word,convertio.co,https://convertio.co/epub-doc/,False
Brave,How do I turn an EPUB ebook into a Word document (DOCX) so I can edit it?,ai-feed,epub-to-word,pdf.wondershare.com,https://pdf.wondershare.com/word/epub-to-word.html,False
Brave,How do I turn an EPUB ebook into a Word document (DOCX) so I can edit it?,ai-feed,epub-to-word,cigatisolutions.com,https://www.cigatisolutions.com/blog/convert-epub-to-word/,False
Brave,How do I turn an EPUB ebook into a Word document (DOCX) so I can edit it?,ai-feed,epub-to-word,convertio.co,https://convertio.co/epub-docx/,False
Brave,How do I turn an EPUB ebook into a Word document (DOCX) so I can edit it?,ai-feed,epub-to-word,butdoc.com,https://butdoc.com/epub-to-word/,False
Brave,How do I turn an EPUB ebook into a Word document (DOCX) so I can edit it?,ai-feed,epub-to-word,epubor.com,https://www.epubor.com/3-methods-to-convert-epub-to-docx.html,False
Brave,How do I turn an EPUB ebook into a Word document (DOCX) so I can edit it?,ai-feed,epub-to-word,vertopal.com,https://www.vertopal.com/en/convert/epub-to-docx,False
Brave,How do I turn an EPUB ebook into a Word document (DOCX) so I can edit it?,ai-feed,epub-to-word,macsonik.com,https://www.macsonik.com/blog/convert-epub-to-word/,False
Brave,How do I turn an EPUB ebook into a Word document (DOCX) so I can edit it?,ai-feed,epub-to-word,e-iceblue.com,https://www.e-iceblue.com/en/doc/convert-epub-to-word.html,False
Brave,How do I convert EPUB to clean HTML for a data project?,ai-feed,epub-to-html,convertfiles.com,https://www.convertfiles.com/convert/document/epub-to-html,False
Brave,How do I convert EPUB to clean HTML for a data project?,ai-feed,epub-to-html,convertio.co,https://convertio.co/epub-html/,False
Brave,How do I convert EPUB to clean HTML for a data project?,ai-feed,epub-to-html,github.com,https://github.com/RLAlpha49/EpubToHtml,False
Brave,How do I convert EPUB to clean HTML for a data project?,ai-feed,epub-to-html,cigatisolutions.com,https://www.cigatisolutions.com/blog/convert-epub-to-html/,False
Brave,How do I convert EPUB to clean HTML for a data project?,ai-feed,epub-to-html,macsonik.com,https://www.macsonik.com/blog/convert-epub-to-html/,False
Brave,How do I convert EPUB to clean HTML for a data project?,ai-feed,epub-to-html,sysinfotools.com,https://www.sysinfotools.com/blog/convert-epub-to-html/,False
Brave,How do I convert EPUB to clean HTML for a data project?,ai-feed,epub-to-html,epub.to,https://epub.to/html/,False
Brave,How do I convert EPUB to clean HTML for a data project?,ai-feed,epub-to-html,freefileconvert.com,https://freefileconvert.com/epub-html,False
Brave,How do I convert EPUB to clean HTML for a data project?,ai-feed,epub-to-html,aconvert.com,https://www.aconvert.com/ebook/epub-to-html/,False
Brave,How do I convert EPUB to clean HTML for a data project?,ai-feed,epub-to-html,products.aspose.app,https://products.aspose.app/words/conversion/epub-to-html,False
Brave,I found old Microsoft Reader .lit books from 2005, how do I convert LIT to EPUB?,legacy,lit-to-epub,zamzar.com,https://www.zamzar.com/convert/lit-to-epub/,False
Brave,I found old Microsoft Reader .lit books from 2005, how do I convert LIT to EPUB?,legacy,lit-to-epub,epubor.com,https://www.epubor.com/how-to-convert-lit-to-epub-free.html,False
Brave,I found old Microsoft Reader .lit books from 2005, how do I convert LIT to EPUB?,legacy,lit-to-epub,cloudconvert.com,https://cloudconvert.com/lit-to-epub,False
Brave,I found old Microsoft Reader .lit books from 2005, how do I convert LIT to EPUB?,legacy,lit-to-epub,convert.guru,https://convert.guru/lit-converter,False
Brave,I found old Microsoft Reader .lit books from 2005, how do I convert LIT to EPUB?,legacy,lit-to-epub,convertifypro.com,https://convertifypro.com/lit-to-epub-converter/,False
Brave,I found old Microsoft Reader .lit books from 2005, how do I convert LIT to EPUB?,legacy,lit-to-epub,convertfiles.com,https://www.convertfiles.com/convert/ebook/LIT-to-EPUB.html,False
Brave,I found old Microsoft Reader .lit books from 2005, how do I convert LIT to EPUB?,legacy,lit-to-epub,iformat.io,https://iformat.io/lit-to-epub-converter,False
Brave,I found old Microsoft Reader .lit books from 2005, how do I convert LIT to EPUB?,legacy,lit-to-epub,anyconv.com,https://anyconv.com/lit-to-epub-converter/,False
Brave,I found old Microsoft Reader .lit books from 2005, how do I convert LIT to EPUB?,legacy,lit-to-epub,iformat.io,https://iformat.io/lit-converter,False
Brave,I found old Microsoft Reader .lit books from 2005, how do I convert LIT to EPUB?,legacy,lit-to-epub,digidust.net,https://digidust.net/lit-to-epub/,False
Brave,How do I convert DJVU scanned research papers to PDF with good resolution?,legacy,djvu-to-pdf,pdf.wondershare.com,https://pdf.wondershare.com/pdf-knowledge/convert-djvu-to-pdf.html,False
Brave,How do I convert DJVU scanned research papers to PDF with good resolution?,legacy,djvu-to-pdf,superuser.com,https://superuser.com/questions/185523/how-to-convert-djvu-file-to-pdf-or-other-more-common-file-format,False
Brave,How do I convert DJVU scanned research papers to PDF with good resolution?,legacy,djvu-to-pdf,freeconvert.com,https://www.freeconvert.com/djvu-to-pdf,False
Brave,How do I convert DJVU scanned research papers to PDF with good resolution?,legacy,djvu-to-pdf,convertio.co,https://convertio.co/djvu-pdf/,False
Brave,How do I convert DJVU scanned research papers to PDF with good resolution?,legacy,djvu-to-pdf,quora.com,https://www.quora.com/What-is-the-best-way-to-convert-a-DjVu-file-to-PDF,False
Brave,How do I convert DJVU scanned research papers to PDF with good resolution?,legacy,djvu-to-pdf,pdf2go.com,https://www.pdf2go.com/djvu-to-pdf,False
Brave,How do I convert DJVU scanned research papers to PDF with good resolution?,legacy,djvu-to-pdf,zamzar.com,https://www.zamzar.com/convert/djvu-to-pdf/,False
Brave,How do I convert DJVU scanned research papers to PDF with good resolution?,legacy,djvu-to-pdf,dropbox.com,https://www.dropbox.com/resources/convert-scanned-document-to-pdf,False
Brave,How do I convert DJVU scanned research papers to PDF with good resolution?,legacy,djvu-to-pdf,reaconverter.com,https://www.reaconverter.com/convert/djvu_to_pdf.html,False
Brave,How do I convert DJVU scanned research papers to PDF with good resolution?,legacy,djvu-to-pdf,pdf2go.com,https://www.pdf2go.com/blog/how-to-convert-djvu-to-pdf,False
Brave,What is an FB2 file and how do I convert FB2 to EPUB?,legacy,fb2-to-epub,ebook.online-convert.com,https://ebook.online-convert.com/convert/fb2-to-epub,False
Brave,What is an FB2 file and how do I convert FB2 to EPUB?,legacy,fb2-to-epub,convertio.co,https://convertio.co/fb2-epub/,False
Brave,What is an FB2 file and how do I convert FB2 to EPUB?,legacy,fb2-to-epub,epubor.com,https://www.epubor.com/how-to-convert-fb2-to-epub-fb2-to-pdf-fb2-to-mobi-fb2-to-azw3-fb2-to-txt.html,False
Brave,What is an FB2 file and how do I convert FB2 to EPUB?,legacy,fb2-to-epub,zamzar.com,https://www.zamzar.com/convert/fb2-to-epub/,False
Brave,What is an FB2 file and how do I convert FB2 to EPUB?,legacy,fb2-to-epub,cloudconvert.com,https://cloudconvert.com/fb2-to-epub,False
Brave,What is an FB2 file and how do I convert FB2 to EPUB?,legacy,fb2-to-epub,convertfiles.com,https://www.convertfiles.com/convert/ebook/FB2-to-EPUB.html,False
Brave,What is an FB2 file and how do I convert FB2 to EPUB?,legacy,fb2-to-epub,mconverter.eu,https://mconverter.eu/convert/fb2/epub/,False
Brave,What is an FB2 file and how do I convert FB2 to EPUB?,legacy,fb2-to-epub,convertfiles.com,https://www.convertfiles.com/convert/document/fb2-to-epub,False
Brave,What is an FB2 file and how do I convert FB2 to EPUB?,legacy,fb2-to-epub,freeconvert.com,https://www.freeconvert.com/fb2-to-epub,False
Brave,What is an FB2 file and how do I convert FB2 to EPUB?,legacy,fb2-to-epub,lifewire.com,https://www.lifewire.com/fb2-file-2621225,False
Brave,How do I convert RTF documents into EPUB for publishing?,legacy,rtf-to-epub,convertio.co,https://convertio.co/rtf-epub/,False
Brave,How do I convert RTF documents into EPUB for publishing?,legacy,rtf-to-epub,cloudconvert.com,https://cloudconvert.com/rtf-to-epub,False
Brave,How do I convert RTF documents into EPUB for publishing?,legacy,rtf-to-epub,ebook.online-convert.com,https://ebook.online-convert.com/convert/rtf-to-epub,False
Brave,How do I convert RTF documents into EPUB for publishing?,legacy,rtf-to-epub,mconverter.eu,https://mconverter.eu/convert/rtf/epub/,False
Brave,How do I convert RTF documents into EPUB for publishing?,legacy,rtf-to-epub,converteasly.com,https://www.converteasly.com/uploads/rich-text-format-to-epub/122,False
Brave,How do I convert RTF documents into EPUB for publishing?,legacy,rtf-to-epub,convertfiles.com,https://www.convertfiles.com/convert/document/rtf-to-epub,False
Brave,How do I convert RTF documents into EPUB for publishing?,legacy,rtf-to-epub,online2pdf.com,https://online2pdf.com/convert-rtf-to-epub,False
Brave,How do I convert RTF documents into EPUB for publishing?,legacy,rtf-to-epub,onlineconvertfree.com,https://onlineconvertfree.com/convert-format/rtf-to-epub/,False
Brave,How do I convert RTF documents into EPUB for publishing?,legacy,rtf-to-epub,anyconv.com,https://anyconv.com/rtf-to-epub-converter/,False
Brave,How do I convert RTF documents into EPUB for publishing?,legacy,rtf-to-epub,bookize.com,https://www.bookize.com/rtf-to-epub/,False
Brave,How do I convert a scanned PDF into a reflowable EPUB so text reflows on my phone?,layout,pdf-to-epub,kitaboo.com,https://kitaboo.com/convert-pdf-to-reflowable-epub/,False
Brave,How do I convert a scanned PDF into a reflowable EPUB so text reflows on my phone?,layout,pdf-to-epub,reddit.com,https://www.reddit.com/r/Calibre/comments/18d3btd/how_to_get_reflowable_epub_from_pdf_scanned_ebooks/,False
Brave,How do I convert a scanned PDF into a reflowable EPUB so text reflows on my phone?,layout,pdf-to-epub,flowpaper.com,https://flowpaper.com/How-to-Convert-PDF-documents-into-EPUB-publications/,False
Brave,How do I convert a scanned PDF into a reflowable EPUB so text reflows on my phone?,layout,pdf-to-epub,adobe.com,https://www.adobe.com/in/acrobat/roc/blog/convert-pdf-to-epub.html,False
Brave,How do I convert a scanned PDF into a reflowable EPUB so text reflows on my phone?,layout,pdf-to-epub,github.com,https://github.com/1919chichi/pdf2epub-reflow,False
Brave,How do I convert a scanned PDF into a reflowable EPUB so text reflows on my phone?,layout,pdf-to-epub,toolkit.bot,https://toolkit.bot/blog/convert-pdf-to-reflowable-epub,False
Brave,How do I convert a scanned PDF into a reflowable EPUB so text reflows on my phone?,layout,pdf-to-epub,xconvert.com,https://www.xconvert.com/convert-pdf-to-epub,False
Brave,How do I convert a scanned PDF into a reflowable EPUB so text reflows on my phone?,layout,pdf-to-epub,convertio.co,https://convertio.co/pdf-epub/,False
Brave,How do I convert a scanned PDF into a reflowable EPUB so text reflows on my phone?,layout,pdf-to-epub,tooltea.com,https://tooltea.com/convert/pdf-to-epub,False
Brave,How do I convert a scanned PDF into a reflowable EPUB so text reflows on my phone?,layout,pdf-to-epub,kfxtool.com,https://www.kfxtool.com/en/blog/scanned-pdf-to-epub.html,False
Brave,How do I convert an EPUB into a PDF so I can print a physical copy?,layout,epub-to-pdf,freepdfconvert.com,https://www.freepdfconvert.com/epub-to-pdf,False
Brave,How do I convert an EPUB into a PDF so I can print a physical copy?,layout,epub-to-pdf,adobe.com,https://www.adobe.com/acrobat/hub/how-to-convert-epub-to-pdf.html,False
Brave,How do I convert an EPUB into a PDF so I can print a physical copy?,layout,epub-to-pdf,askmvcclibrary.mvcc.edu,https://askmvcclibrary.mvcc.edu/faq/376408,False
Brave,How do I convert an EPUB into a PDF so I can print a physical copy?,layout,epub-to-pdf,pdf2go.com,https://www.pdf2go.com/epub-to-pdf,False
Brave,How do I convert an EPUB into a PDF so I can print a physical copy?,layout,epub-to-pdf,zamzar.com,https://www.zamzar.com/convert/epub-to-pdf/,False
Brave,How do I convert an EPUB into a PDF so I can print a physical copy?,layout,epub-to-pdf,lifewire.com,https://www.lifewire.com/how-to-convert-epub-to-pdf-4582222,False
Brave,How do I convert an EPUB into a PDF so I can print a physical copy?,layout,epub-to-pdf,tools.pdf24.org,https://tools.pdf24.org/en/epub-to-pdf,False
Brave,How do I convert an EPUB into a PDF so I can print a physical copy?,layout,epub-to-pdf,freeconvert.com,https://www.freeconvert.com/epub-to-pdf,False
Brave,How do I convert an EPUB into a PDF so I can print a physical copy?,layout,epub-to-pdf,adobe.com,https://www.adobe.com/au/acrobat/roc/blog/how-to-convert-epub-to-pdf.html,False
Brave,How do I convert an EPUB into a PDF so I can print a physical copy?,layout,epub-to-pdf,justpublishingadvice.com,https://justpublishingadvice.com/how-you-can-easily-convert-epub-to-pdf-for-ebooks/,False
Brave,How do I convert DOCX to EPUB without messing up the table of contents?,layout,docx-to-epub,networkcultures.org,https://networkcultures.org/digitalpublishing/2014/03/28/converting-a-docx-directly-to-epub-using-calibre/,False
Brave,How do I convert DOCX to EPUB without messing up the table of contents?,layout,docx-to-epub,epublys.com,https://epublys.com/how-to-convert-docx-to-epub,False
Brave,How do I convert DOCX to EPUB without messing up the table of contents?,layout,docx-to-epub,cloudconvert.com,https://cloudconvert.com/docx-to-epub,False
Brave,How do I convert DOCX to EPUB without messing up the table of contents?,layout,docx-to-epub,convertio.co,https://convertio.co/docx-epub/,False
Brave,How do I convert DOCX to EPUB without messing up the table of contents?,layout,docx-to-epub,barkerbooks.com,https://barkerbooks.com/convert-from-word-to-epub/,False
Brave,How do I convert DOCX to EPUB without messing up the table of contents?,layout,docx-to-epub,pdf.wondershare.com,https://pdf.wondershare.com/word/word-to-epub.html,False
Brave,How do I convert DOCX to EPUB without messing up the table of contents?,layout,docx-to-epub,helpndoc.com,https://www.helpndoc.com/step-by-step-guides/how-to-convert-a-word-docx-file-to-an-epub-or-kindle-ebook/,False
Brave,How do I convert DOCX to EPUB without messing up the table of contents?,layout,docx-to-epub,kitaboo.com,https://kitaboo.com/docx-to-epub-converter/,False
Brave,How do I convert DOCX to EPUB without messing up the table of contents?,layout,docx-to-epub,goodnovel.com,https://www.goodnovel.com/qa/calibre-convert-doc-epub-toc,False
Brave,How do I convert DOCX to EPUB without messing up the table of contents?,layout,docx-to-epub,kdpcommunity.com,https://www.kdpcommunity.com/s/question/0D58V00008mvndISAQ/converting-docx-to-epub-advice?language=en_US,False
Brave,What is the fastest online tool to convert EPUB to MOBI for free without installing Calibre?,efficiency,epub-to-mobi,zamzar.com,https://www.zamzar.com/convert/epub-to-mobi/,False
Brave,What is the fastest online tool to convert EPUB to MOBI for free without installing Calibre?,efficiency,epub-to-mobi,freeconvert.com,https://www.freeconvert.com/epub-to-mobi,False
Brave,What is the fastest online tool to convert EPUB to MOBI for free without installing Calibre?,efficiency,epub-to-mobi,cloudconvert.com,https://cloudconvert.com/epub-to-mobi,False
Brave,What is the fastest online tool to convert EPUB to MOBI for free without installing Calibre?,efficiency,epub-to-mobi,runconvert.com,https://www.runconvert.com/epub-to-mobi,False
Brave,What is the fastest online tool to convert EPUB to MOBI for free without installing Calibre?,efficiency,epub-to-mobi,onlineconvertfree.com,https://onlineconvertfree.com/convert-format/epub-to-mobi/,False
Brave,What is the fastest online tool to convert EPUB to MOBI for free without installing Calibre?,efficiency,epub-to-mobi,convertio.co,https://convertio.co/epub-mobi/,False
Brave,What is the fastest online tool to convert EPUB to MOBI for free without installing Calibre?,efficiency,epub-to-mobi,howtoconvert.co,https://howtoconvert.co/blog/best-ebook-converter-apps,False
Brave,What is the fastest online tool to convert EPUB to MOBI for free without installing Calibre?,efficiency,epub-to-mobi,pdf.wondershare.com,https://pdf.wondershare.com/pdf-knowledge/convert-epub-to-mobi.html,False
Brave,What is the fastest online tool to convert EPUB to MOBI for free without installing Calibre?,efficiency,epub-to-mobi,kindlepreneur.com,https://kindlepreneur.com/how-to-convert-epub-to-mobi/,False
Brave,What is the fastest online tool to convert EPUB to MOBI for free without installing Calibre?,efficiency,epub-to-mobi,reddit.com,https://www.reddit.com/r/kindle/comments/qdcul7/which_tools_to_use_to_convert_epub_to_mobi/,False
Brave,Are there safe online converters for AZW3 to PDF that don't steal my files?,efficiency,azw3-to-pdf,zamzar.com,https://www.zamzar.com/convert/azw3-to-pdf/,False
Brave,Are there safe online converters for AZW3 to PDF that don't steal my files?,efficiency,azw3-to-pdf,freeconvert.com,https://www.freeconvert.com/azw3-to-pdf,False
Brave,Are there safe online converters for AZW3 to PDF that don't steal my files?,efficiency,azw3-to-pdf,cloudconvert.com,https://cloudconvert.com/azw3-to-pdf,False
Brave,Are there safe online converters for AZW3 to PDF that don't steal my files?,efficiency,azw3-to-pdf,convertio.co,https://convertio.co/azw3-pdf/,False
Brave,Are there safe online converters for AZW3 to PDF that don't steal my files?,efficiency,azw3-to-pdf,pdf.easeus.com,https://pdf.easeus.com/pdf-knowledge-center/azw3-to-pdf.html,False
Brave,Are there safe online converters for AZW3 to PDF that don't steal my files?,efficiency,azw3-to-pdf,freefileconvert.com,https://freefileconvert.com/azw3-pdf,False
Brave,Are there safe online converters for AZW3 to PDF that don't steal my files?,efficiency,azw3-to-pdf,pdfguru.com,https://pdfguru.com/plus/azw3-to-pdf,False
Brave,Are there safe online converters for AZW3 to PDF that don't steal my files?,efficiency,azw3-to-pdf,online2pdf.com,https://online2pdf.com/convert-azw3-to-pdf,False
Brave,Are there safe online converters for AZW3 to PDF that don't steal my files?,efficiency,azw3-to-pdf,ebook.online-convert.com,https://ebook.online-convert.com/convert/azw3-to-pdf,False
Brave,Are there safe online converters for AZW3 to PDF that don't steal my files?,efficiency,azw3-to-pdf,pdf.minitool.com,https://pdf.minitool.com/news/azw3-to-pdf.html,False
Brave,What is the best free Calibre alternative for ebook conversion?,efficiency,calibre-alternative,alternativeto.net,https://alternativeto.net/software/calibre/,False
Brave,What is the best free Calibre alternative for ebook conversion?,efficiency,calibre-alternative,technicalwall.com,https://technicalwall.com/alternatives/best-calibre-alternatives/,False
Brave,What is the best free Calibre alternative for ebook conversion?,efficiency,calibre-alternative,calibre.en.softonic.com,https://calibre.en.softonic.com/windows/alternatives,False
Brave,What is the best free Calibre alternative for ebook conversion?,efficiency,calibre-alternative,rigorousthemes.com,https://rigorousthemes.com/blog/best-calibre-alternatives/,False
Brave,What is the best free Calibre alternative for ebook conversion?,efficiency,calibre-alternative,bookrunch.org,https://bookrunch.org/news/top_5_calibre_alternatives/,False
Brave,What is the best free Calibre alternative for ebook conversion?,efficiency,calibre-alternative,filenaut.com,https://filenaut.com/guides/best-calibre-alternative,False
Brave,What is the best free Calibre alternative for ebook conversion?,efficiency,calibre-alternative,calibre-portable.en.softonic.com,https://calibre-portable.en.softonic.com/windows/alternatives,False
Brave,What is the best free Calibre alternative for ebook conversion?,efficiency,calibre-alternative,epubor.com,https://epubor.com/best-3-calibre-alternatives.html,False
Brave,What is the best free Calibre alternative for ebook conversion?,efficiency,calibre-alternative,alfaebooks.com,https://www.alfaebooks.com/best_calibre_alternative,False
Brave,What is the best free Calibre alternative for ebook conversion?,efficiency,calibre-alternative,bookrunch.org,https://www.bookrunch.org/alternatives/calibre/,False
Brave,Is there an ebook conversion API or batch converter?,efficiency,batch-converter,wiki.mobileread.com,https://wiki.mobileread.com/wiki/E-book_conversion,False
Brave,Is there an ebook conversion API or batch converter?,efficiency,batch-converter,bookrunch.org,https://www.bookrunch.org/top/converter/,False
Brave,Is there an ebook conversion API or batch converter?,efficiency,batch-converter,e-conv.com,https://e-conv.com/,False
Brave,Is there an ebook conversion API or batch converter?,efficiency,batch-converter,apps.microsoft.com,https://apps.microsoft.com/detail/9nxmp2kbf43z?hl=en-US&gl=US,False
Brave,Is there an ebook conversion API or batch converter?,efficiency,batch-converter,howtoconvert.co,https://howtoconvert.co/blog/best-ebook-converter-apps,False
Brave,Is there an ebook conversion API or batch converter?,efficiency,batch-converter,github.com,https://github.com/rxliuli/ebook-batch-converter,False
Brave,Is there an ebook conversion API or batch converter?,efficiency,batch-converter,ebook-converter.net,https://www.ebook-converter.net/,False
Brave,Is there an ebook conversion API or batch converter?,efficiency,batch-converter,ebook2pdf.com,https://ebook2pdf.com/,False
Brave,Is there an ebook conversion API or batch converter?,efficiency,batch-converter,kitaboo.com,https://kitaboo.com/8-ebook-conversion-software-tools-compatible-with-multiple-formats/,False
Brave,Is there an ebook conversion API or batch converter?,efficiency,batch-converter,github.com,https://github.com/jbacule/ebook-converter-api,False
Brave,EPUB vs AZW3, which preserves fonts better?,troubleshoot,epub-vs-azw3,blog.bookautoai.com,https://blog.bookautoai.com/epub-vs-mobi-vs-azw3/,False
Brave,EPUB vs AZW3, which preserves fonts better?,troubleshoot,epub-vs-azw3,iformat.io,https://iformat.io/blog/epub-vs-mobi-vs-pdf-vs-azw3-ebook-format-guide,False
Brave,EPUB vs AZW3, which preserves fonts better?,troubleshoot,epub-vs-azw3,iformat.io,https://iformat.io/blog/ebook-formats-complete-guide,False
Brave,EPUB vs AZW3, which preserves fonts better?,troubleshoot,epub-vs-azw3,kaijuconverter.com,https://kaijuconverter.com/guides/ebook-formats-epub-mobi-azw3-guide,False
Brave,EPUB vs AZW3, which preserves fonts better?,troubleshoot,epub-vs-azw3,bookquill.com,https://bookquill.com/blog/epub-vs-azw3/,False
Brave,EPUB vs AZW3, which preserves fonts better?,troubleshoot,epub-vs-azw3,blog.fileformat.com,https://blog.fileformat.com/en/ebook/mobi-vs-epub-vs-azw3-which-e-book-format-is-best-today/,False
Brave,EPUB vs AZW3, which preserves fonts better?,troubleshoot,epub-vs-azw3,convertintomp4.com,https://convertintomp4.com/blog/azw3-vs-epub-vs-mobi-ebook-formats,False
Brave,EPUB vs AZW3, which preserves fonts better?,troubleshoot,epub-vs-azw3,changethisfile.com,https://changethisfile.com/blog/ebook-formats-guide,False
Brave,EPUB vs AZW3, which preserves fonts better?,troubleshoot,epub-vs-azw3,bookize.com,https://www.bookize.com/ebooks/a-guide-to-formats/,False
Brave,EPUB vs AZW3, which preserves fonts better?,troubleshoot,epub-vs-azw3,convertfiles.com,https://www.convertfiles.com/blog/ebook-formats-epub-vs-mobi-vs-pdf,False
Brave,Why does my converted PDF look broken when I change EPUB to PDF?,troubleshoot,fix-epub-to-pdf-formatting,reddit.com,https://www.reddit.com/r/Calibre/comments/13yhk1b/why_does_my_pdf_look_a_mess_after_converting_from/,False
Brave,Why does my converted PDF look broken when I change EPUB to PDF?,troubleshoot,fix-epub-to-pdf-formatting,quora.com,https://www.quora.com/Why-does-my-eBook-look-a-mess-after-converting-from-PDF-to-EPUB-on-Calibre,False
Brave,Why does my converted PDF look broken when I change EPUB to PDF?,troubleshoot,fix-epub-to-pdf-formatting,ebookpbook.com,https://www.ebookpbook.com/2026/04/01/pdf-to-epub-conversion-problems/,False
Brave,Why does my converted PDF look broken when I change EPUB to PDF?,troubleshoot,fix-epub-to-pdf-formatting,superuser.com,https://superuser.com/questions/909415/convert-epub-to-pdf-with-original-print-formatting,False
Brave,Why does my converted PDF look broken when I change EPUB to PDF?,troubleshoot,fix-epub-to-pdf-formatting,superuser.com,https://superuser.com/questions/1714139/converting-from-epub-to-pdf-scrambles-text-when-i-copy-paste-it-it-turns-up-no,False
Brave,Why does my converted PDF look broken when I change EPUB to PDF?,troubleshoot,fix-epub-to-pdf-formatting,kdpcommunity.com,https://www.kdpcommunity.com/s/question/0D58V00007z9ZRISA2/content-of-the-pdf-will-change-after-converting-it-into-epub?language=en_US,False
Brave,Why does my converted PDF look broken when I change EPUB to PDF?,troubleshoot,fix-epub-to-pdf-formatting,reddit.com,https://www.reddit.com/r/Calibre/comments/zydt1n/converted_pdf_to_epub_formatting_got_all_weird/,False
Brave,Why does my converted PDF look broken when I change EPUB to PDF?,troubleshoot,fix-epub-to-pdf-formatting,toolkit.bot,https://toolkit.bot/blog/pdf-to-epub-troubleshooting,False
Brave,Why does my converted PDF look broken when I change EPUB to PDF?,troubleshoot,fix-epub-to-pdf-formatting,mobileread.com,https://www.mobileread.com/forums/showthread.php?t=288043,False
Brave,Why does my converted PDF look broken when I change EPUB to PDF?,troubleshoot,fix-epub-to-pdf-formatting,mobileread.com,https://www.mobileread.com/forums/showthread.php?t=212470,False
Brave,What is EPUB / MOBI / AZW3 format?,troubleshoot,ebook-formats-explained,wizread.io,https://wizread.io/blog/epub-vs-mobi-vs-azw3-ebook-format-comparison/,False
Brave,What is EPUB / MOBI / AZW3 format?,troubleshoot,ebook-formats-explained,quora.com,https://www.quora.com/What-are-the-differences-between-the-EPUB-MOBI-AZW3-and-PDF-file-formats,False
Brave,What is EPUB / MOBI / AZW3 format?,troubleshoot,ebook-formats-explained,pdfmate.com,https://www.pdfmate.com/difference-between-mobi-and-azw3.html,False
Brave,What is EPUB / MOBI / AZW3 format?,troubleshoot,ebook-formats-explained,reddit.com,https://www.reddit.com/r/kindle/comments/1cc9ep9/azw3_vs_epub_whats_the_difference/,False
Brave,What is EPUB / MOBI / AZW3 format?,troubleshoot,ebook-formats-explained,makeuseof.com,https://www.makeuseof.com/tag/ebook-formats-explained/,False
Brave,What is EPUB / MOBI / AZW3 format?,troubleshoot,ebook-formats-explained,cloudwards.net,https://www.cloudwards.net/epub-vs-mobi/,False
Brave,What is EPUB / MOBI / AZW3 format?,troubleshoot,ebook-formats-explained,kindlepreneur.com,https://kindlepreneur.com/epub-vs-mobi-vs-pdf/,False
Brave,What is EPUB / MOBI / AZW3 format?,troubleshoot,ebook-formats-explained,en.wikipedia.org,https://en.wikipedia.org/wiki/Comparison_of_e-book_formats,False
Brave,What is EPUB / MOBI / AZW3 format?,troubleshoot,ebook-formats-explained,blog.bookautoai.com,https://blog.bookautoai.com/epub-vs-mobi-vs-azw3/,False
Brave,What is EPUB / MOBI / AZW3 format?,troubleshoot,ebook-formats-explained,digitalbook.io,https://www.digitalbook.io/blog/how-to-convert-epub-to-mobi-or-azw3/,False
Brave,EPUB vs PDF which is better?,troubleshoot,epub-vs-pdf,reddit.com,https://www.reddit.com/r/DataHoarder/comments/lii5qj/pdfs_vs_epubs/,False
Brave,EPUB vs PDF which is better?,troubleshoot,epub-vs-pdf,editionguard.com,https://www.editionguard.com/learn/e-book-formats-why-choose-one-or-the-other/,False
Brave,EPUB vs PDF which is better?,troubleshoot,epub-vs-pdf,success.vitalsource.com,https://success.vitalsource.com/hc/en-us/articles/24788102132247-Digital-Reading-Revolution-ePUB-vs-PDF-Explained,False
Brave,EPUB vs PDF which is better?,troubleshoot,epub-vs-pdf,thoughtco.com,https://www.thoughtco.com/epub-vs-pdf-3467286,False
Brave,EPUB vs PDF which is better?,troubleshoot,epub-vs-pdf,getbookshelves.app,https://getbookshelves.app/guides/epub-vs-pdf/,False
Brave,EPUB vs PDF which is better?,troubleshoot,epub-vs-pdf,kitaboo.com,https://kitaboo.com/top-6-advantages-of-epub-over-pdf/,False
Brave,EPUB vs PDF which is better?,troubleshoot,epub-vs-pdf,wizread.io,https://wizread.io/blog/epub-vs-pdf-for-desktop-reading/,False
Brave,EPUB vs PDF which is better?,troubleshoot,epub-vs-pdf,pdf.easeus.com,https://pdf.easeus.com/pdf-knowledge-center/epub-vs-pdf.html,False
Brave,EPUB vs PDF which is better?,troubleshoot,epub-vs-pdf,connect.ebsco.com,https://connect.ebsco.com/s/article/What-is-the-difference-between-PDF-and-EPUB-when-downloading-eBooks?language=en_US,False
Brave,EPUB vs PDF which is better?,troubleshoot,epub-vs-pdf,kindlepreneur.com,https://kindlepreneur.com/epub-vs-mobi-vs-pdf/,False
Brave,My EPUB file won't open, how do I fix it?,troubleshoot,epub-file-not-opening,quora.com,https://www.quora.com/How-can-you-fix-an-ePub-file-that-won-t-open,False
Brave,My EPUB file won't open, how do I fix it?,troubleshoot,epub-file-not-opening,reddit.com,https://www.reddit.com/r/kobo/comments/t2j59b/some_epubs_wont_open/,False
Brave,My EPUB file won't open, how do I fix it?,troubleshoot,epub-file-not-opening,idownloadblog.com,https://www.idownloadblog.com/2026/04/27/fix-epub-file-issues-ios/,False
Brave,My EPUB file won't open, how do I fix it?,troubleshoot,epub-file-not-opening,epublys.com,https://epublys.com/fix-epub-wont-open,False
Brave,My EPUB file won't open, how do I fix it?,troubleshoot,epub-file-not-opening,support.google.com,https://support.google.com/googleplay/thread/297786823/epub-files-won-t-upload-and-show-in-library?hl=en,False
Brave,My EPUB file won't open, how do I fix it?,troubleshoot,epub-file-not-opening,github.com,https://github.com/advplyr/audiobookshelf-app/issues/1271,False
Brave,My EPUB file won't open, how do I fix it?,troubleshoot,epub-file-not-opening,betanews.com,https://betanews.com/2016/08/24/why-cant-you-open-that-epub/,False
Brave,My EPUB file won't open, how do I fix it?,troubleshoot,epub-file-not-opening,kitaboo.com,https://kitaboo.com/how-to-open-and-convert-epub-files/,False
Brave,My EPUB file won't open, how do I fix it?,troubleshoot,epub-file-not-opening,wikihow.com,https://www.wikihow.com/Open-EPUB-Files,False
Brave,My EPUB file won't open, how do I fix it?,troubleshoot,epub-file-not-opening,bugloop.dev,https://bugloop.dev/en/post/122,False
Brave,What is the best CloudConvert alternative for ebook conversion?,intercept,calibre-alternative,g2.com,https://www.g2.com/products/cloudconvert/competitors/alternatives,False
Brave,What is the best CloudConvert alternative for ebook conversion?,intercept,calibre-alternative,alternativeto.net,https://alternativeto.net/software/cloudconvert/,False
Brave,What is the best CloudConvert alternative for ebook conversion?,intercept,calibre-alternative,saasworthy.com,https://www.saasworthy.com/product-alternative/free/12215/cloudconvert,False
Brave,What is the best CloudConvert alternative for ebook conversion?,intercept,calibre-alternative,capterra.com,https://www.capterra.com/p/157495/CloudConvert/,False
Brave,What is the best CloudConvert alternative for ebook conversion?,intercept,calibre-alternative,sourceforge.net,https://sourceforge.net/software/product/CloudConvert/alternatives,False
Brave,What is the best CloudConvert alternative for ebook conversion?,intercept,calibre-alternative,ebool.com,https://www.ebool.com/alternatives/cloudconvert,False
Brave,What is the best CloudConvert alternative for ebook conversion?,intercept,calibre-alternative,slashdot.org,https://slashdot.org/software/p/CloudConvert/alternatives,False
Brave,What is the best CloudConvert alternative for ebook conversion?,intercept,calibre-alternative,techjockey.com,https://www.techjockey.com/alternatives/cloudconvert,False
Brave,What is the best CloudConvert alternative for ebook conversion?,intercept,calibre-alternative,spotsaas.com,https://www.spotsaas.com/product/cloudconvert/alternatives,False
Brave,What is the best CloudConvert alternative for ebook conversion?,intercept,calibre-alternative,saashub.com,https://www.saashub.com/cloudconvert-alternatives,False
Brave,What is the best AI ebook converter, can AI convert ebooks?,intercept,ai-ebook-converter,inkfluenceai.com,https://www.inkfluenceai.com/blog/best-ai-tools-creating-ebooks-2026,False
Brave,What is the best AI ebook converter, can AI convert ebooks?,intercept,ai-ebook-converter,piktochart.com,https://piktochart.com/ai-ebook-generator/,False
Brave,What is the best AI ebook converter, can AI convert ebooks?,intercept,ai-ebook-converter,mapify.so,https://mapify.so/blog/best-ebook-to-pdf-converters,False
Brave,What is the best AI ebook converter, can AI convert ebooks?,intercept,ai-ebook-converter,ebookmaker.ai,https://ebookmaker.ai/en-US,False
Brave,What is the best AI ebook converter, can AI convert ebooks?,intercept,ai-ebook-converter,designrr.io,https://designrr.io/,False
Brave,What is the best AI ebook converter, can AI convert ebooks?,intercept,ai-ebook-converter,inkfluenceai.com,https://www.inkfluenceai.com/best-ai-ebook-generators,False
Brave,What is the best AI ebook converter, can AI convert ebooks?,intercept,ai-ebook-converter,reddit.com,https://www.reddit.com/r/ebooks/comments/1i7xd9f/is_there_any_ai_powered_epub_converter/,False
Brave,What is the best AI ebook converter, can AI convert ebooks?,intercept,ai-ebook-converter,samcart.com,https://www.samcart.com/blog/best-ai-ebook-generators,False
Brave,What is the best AI ebook converter, can AI convert ebooks?,intercept,ai-ebook-converter,swifdoo.com,https://www.swifdoo.com/convert-pdfs/best-ebook-converter,False
Brave,What is the best AI ebook converter, can AI convert ebooks?,intercept,ai-ebook-converter,fliphtml5.com,https://fliphtml5.com/ai/ai-ebook-generator,False
Brave,What is the best ebook converter website?,intercept,best-ebook-converter,freeconvert.com,https://www.freeconvert.com/ebook-converter,False
Brave,What is the best ebook converter website?,intercept,best-ebook-converter,ebook.online-convert.com,https://ebook.online-convert.com/,False
Brave,What is the best ebook converter website?,intercept,best-ebook-converter,howtoconvert.co,https://howtoconvert.co/blog/best-ebook-converter-apps,False
Brave,What is the best ebook converter website?,intercept,best-ebook-converter,epubor.com,https://www.epubor.com/ultimate.html,False
Brave,What is the best ebook converter website?,intercept,best-ebook-converter,papertrue.com,https://www.papertrue.com/blog/ebook-conversion-services/,False
Brave,What is the best ebook converter website?,intercept,best-ebook-converter,any-ebook-converter.com,https://www.any-ebook-converter.com/,False
Brave,What is the best ebook converter website?,intercept,best-ebook-converter,e-conv.com,https://e-conv.com/,False
Brave,What is the best ebook converter website?,intercept,best-ebook-converter,lifewire.com,https://www.lifewire.com/best-epub-converters-4582098,False
Brave,What is the best ebook converter website?,intercept,best-ebook-converter,epubor.com,https://www.epubor.com/,False
Brave,What is the best ebook converter website?,intercept,best-ebook-converter,alphaebook.com,https://www.alphaebook.com/10-best-ebook-conversion-services-to-explore-in-2025/,False
Brave,What ebook formats does Kindle support, explained?,intercept,kindle-formats,smallpdf.com,https://smallpdf.com/blog/complete-guide-kindle-2025-types-supported-formats,False
Brave,What ebook formats does Kindle support, explained?,intercept,kindle-formats,wellbeing.io,https://wellbeing.io/technology/what-formats-does-kindle-support/,False
Brave,What ebook formats does Kindle support, explained?,intercept,kindle-formats,kdp.amazon.com,https://kdp.amazon.com/en_US/help/topic/G200634390,False
Brave,What ebook formats does Kindle support, explained?,intercept,kindle-formats,adobe.com,https://www.adobe.com/uk/acrobat/resources/kindle-file-formats.html,False
Brave,What ebook formats does Kindle support, explained?,intercept,kindle-formats,medium.com,https://medium.com/@bookzapper/supported-amazon-kindle-ebook-formats-your-guide-c1e9298db1e6,False
Brave,What ebook formats does Kindle support, explained?,intercept,kindle-formats,pcmag.com,https://www.pcmag.com/encyclopedia/term/kindle-e-book-formats,False
Brave,What ebook formats does Kindle support, explained?,intercept,kindle-formats,goodereader.com,https://goodereader.com/blog/kindle/ebook-formats-that-the-amazon-kindle-supports,False
Brave,What ebook formats does Kindle support, explained?,intercept,kindle-formats,bgr.com,https://www.bgr.com/2126717/kindle-supported-file-formats/,False
Brave,What ebook formats does Kindle support, explained?,intercept,kindle-formats,en.wikipedia.org,https://en.wikipedia.org/wiki/Kindle_File_Format,False
Brave,What ebook formats does Kindle support, explained?,intercept,kindle-formats,kindlepreneur.com,https://kindlepreneur.com/book-formatting-file-types-explained/,False
