"Grounding Query","Intent","Topic","Citations","Citation Share"
"epub to pdf","","","1254","5.12%"
"epub to mobi","Utility","E-Books & Kindle","740","11.34%"
"epub to mobi converter","","","311","13.15%"
"epub to azw3","","","310","11.06%"
"djvu to pdf","","","278","3.56%"
"free reading apps","","","277","18.48%"
"ebook reader app","","","261","19.21%"
"ereader app","","","253","15.75%"
"convertir epub a mobi","","","240","25.26%"
"convert epub to azw3","","","220","23.97%"
"mobi to epub","","","215","12.99%"
"cbr to pdf","","","214","12.05%"
"convert epub to mobi","","","197","16.44%"
"convert mobi to epub","","","183","16.71%"
"ebook app","","","178","20.30%"
"convertir a mobi","","","170","27.64%"
"reader app","","","139","36.39%"
"epub a mobi","","","113","39.51%"
"what format does kindle use","","","108","34.18%"
"epub a azw3","","","91","26.92%"
"convert to epub","","","88","18.88%"
"ebook syncing services for virtual reading groups","","","88","38.77%"
"epud to pdf","","","77","16.14%"
"book reading apps free","","","77","32.91%"
"best free epub reader","","","74","15.16%"
"transfer ebooks between devices","","","74","46.54%"
"Harry Potter digital books multiple devices","Commercial","E-Books & Kindle","71","55.04%"
"YA book club chapter synchronization apps","","","69","29.74%"
"free book apps","","","69","17.88%"
"ebook apps sync reading progress across devices","","","68","43.87%"
"ebook syncing services virtual reading groups","","","67","38.07%"
"free reader apps platforms discover new content resources","","","66","20.82%"
"YA book club chapter synchronization tools","","","63","35.20%"
"epub converter to pdf","","","60","17.54%"
"Kindle AZW vs MOBI formats explained","","","58","67.44%"
"mobi vs epub","","","52","27.66%"
"reading apps for free","","","52","23.21%"
"ebook reader free","","","48","16.67%"
"epub to mobi converter free","Utility","E-Books & Kindle","46","10.04%"
"apps for romance books sync across devices","Informational","E-Books & Kindle","44","45.36%"
"epub in to pdf","","","44","14.38%"
"free reading apps for adults","","","44","20.18%"
"de epub a mobi","","","42","22.58%"
"docx to epub","","","41","12.89%"
"pasar epub a mobi","","","40","18.96%"
"convert from epub to mobi","","","40","26.32%"
"free apps to read books","","","37","14.74%"
"epub mobi azw3 哪个好","","","36","34.62%"
"beste kostenlose E-Reader Apps 2026","","","33","29.46%"
"app to read books free","","","31","14.09%"
"ebook syncing virtual reading groups","Informational","E-Books & Kindle","31","47.69%"
"ebooks with virtual reading group support","","","30","7.46%"
"best free book reading apps","","","30","24.39%"
"free reader apps platforms discover new content","","","29","20.28%"
"digital ebook platforms with online book club integration","","","28","12.33%"
"sharing ebooks with friends via library apps","","","28","16.18%"
"book apps free","","","27","12.39%"
"free book apps for adults","","","24","20.00%"
"epub 2 vs epub 3","","","24","44.44%"
"PDF vs EPUB differences","","","23","17.42%"
"romance book apps sync across devices","","","23","14.74%"
"convert epub to mobi free","","","21","23.60%"
"apps to read books for free","","","20","16.53%"
"YA book club chapter synchronization services","","","20","35.09%"
"free reading app","","","20","22.22%"
"txt to epub","","","20","8.26%"
"ebook syncing platforms for virtual reading groups","","","20","35.71%"
"free book app","","","20","22.22%"
"epub vs mobi","","","19","18.45%"
"kindle mobi or epub","","","18","26.09%"
"ebook syncing virtual reading groups services","","","18","23.68%"
"kindle azw3格式可以用kindle看吗","","","18","47.37%"
"da cbr a pdf","","","18","52.94%"
"epub reader free","","","18","10.06%"
"epub to mobi online converter","","","16","14.81%"
"best epub reader free","","","16","17.20%"
"convert to epub free","","","16","22.22%"
"how to join virtual book club with ebooks","","","15","38.46%"
"free reader app","","","15","27.78%"
"free e-reader software comparison","","","15","22.39%"
"azw3和mobi哪个好","","","15","19.48%"
"ebook syncing virtual reading groups providers","","","15","25.86%"
"ebook access online community clubs providers","","","14","16.67%"
"kindle formats explained azw mobi uk","","","14","45.16%"
"reading apps free","","","14","36.84%"
"best free reader apps software","","","13","27.08%"
"ebook syncing for virtual reading groups","","","12","60.00%"
"djvu file to pdf","","","12","19.05%"
"how to join virtual book club via ebooks","","","12","75.00%"
"epub to pdf convert","","","12","15.79%"
"ebook syncing platforms virtual reading groups","","","10","21.74%"
"romance ebook apps platforms sync across devices","","","10","27.78%"
"join virtual book club via ebooks","","","10","34.48%"
"ebook access online community clubs","","","10","26.32%"
"formato kindle cos'è","","","10","25.00%"
"mobi vs azw3","","","9","39.13%"
".EPUB vs .PDF comparison advantages disadvantages","","","9","21.43%"
"YA book club apps synchronize reading chapters","","","9","45.00%"
"how to transfer ebooks between different e-readers","","","9","10.00%"
"EPUB reading troubleshooting issues","","","9","16.07%"
"best free book apps 2026","","","9","16.98%"
"fb2 to epub","","","8","22.22%"
"best free reading apps","","","8","42.11%"
"convert epub to pdf","","","8","0.51%"
"cbr a pdf","","","8","23.53%"
"convert DJVU to PDF","","","8","3.42%"
"epud to pdf converter","","","8","16.67%"
"epub reader to pdf","","","8","23.53%"
"publisher solution offline reading cross-device syncing","","","8","57.14%"
"transfer Kindle books to Kobo eReader","","","7","15.56%"
"djuv to pdf","","","6","20.00%"
"Kindle AZW vs MOBI formats difference","","","6","23.08%"
"best reader apps for android 2026","","","6","20.00%"
"djvu文件转pdf","","","6","5.88%"
"best free reader apps Android 2026","","","6","24.00%"
"best free e-reader apps 2026 features pricing comparison","","","6","40.00%"
"romance ebook apps sync across devices","","","6","31.58%"
"good reading apps for free","","","6","14.63%"
"convert fb2 to epub","","","5","50.00%"
"ebook apps shared reading progress feature","","","5","22.73%"
"free epub reader","","","5","20.83%"
"epub to azw3 converter","","","5","13.16%"
"from epub to azw3","","","5","26.32%"
"easiest to use ebook reading apps","","","4","40.00%"
"how to read epub files","","","4","15.38%"
".epub vs .pdf comparison","","","4","19.05%"
"EPUB reading issues troubleshooting","","","4","18.18%"
"best free reader apps software 2026","","","4","36.36%"
"azw3 vs mobi","","","3","27.27%"
"best free reading apps 2026","","","3","30.00%"
"join virtual book club ebooks","","","3","25.00%"
"Kindle ebook formats AZW vs MOBI explained","","","3","37.50%"
