"关键字","印象数","点击次数","点击率","平均排名"
"bookconv","45","7","15.56%","4.1111088888888885"
"ebookconverter","14","1","7.140000000000001%","5.85715"
"azw3 vs mobi","13","1","7.69%","4.6923076923076925"
"books converter","10","0","0%","7.9"
"txt+pdf+epub+mobi+azw3","7","0","0%","1.7142857142857142"
"unlimited epub converter","5","0","0%","4"
"calibre online converter","5","0","0%","9"
"epub 2 vs epub 3","5","0","0%","6.79998"
"epub file how to read windows android iphone official epub reader","4","0","0%","2.5"
"best free ebook reader apps 2026","4","0","0%","1.25"
"convertir+epub+en+word","4","0","0%","5.25"
"ebook converter tools supported formats feature list","4","0","0%","7"
"convert djvu to pdf lossless quality e-reader optimization","4","0","0%","5.75"
"kindle edition format azw3 kfx mobi","4","0","0%","2.5"
"лучший формат для kindle paperwhite 2 mobi vs azw3","4","0","0%","2"
"mejor formato para convertir a pdf azw3 epub mobiliario","4","0","0%","5.75"
"kindle 10 gen uese mobi and azw3","4","0","0%","3"
"how to convert mobi to epub keep format and images","4","0","0%","1.75"
"so sánh azw azw3 kfx epub kindle","4","0","0%","2"
"amazon kindle format azw3 kpf đặc điểm","4","0","0%","3.25"
"text to ebook no registration download pdf epub","4","0","0%","5"
"we only see epub2 and 3 nowadays right?","4","0","0%","2.5"
"kobo epub conversion","4","0","0%","5.25"
"batch text rewrite tool ebook fb2 epub 3 million characters","4","0","0%","3.25"
"convert epub to azw3 for kindle 2025 2026","4","0","0%","4.25"
"amazon kindle ebook formats supported epub azw3 kfx official","4","0","0%","6.25"
"how to fix broken formatting and footnotes after epub conversion","4","0","0%","5"
"calibre individual vs batch conversion fonts","4","0","0%","6.25"
"azw3 to kindle book","3","0","0%","9"
"any loss during epub convert to mobi","3","0","0%","5.3333"
"can kindle read azw3","3","0","0%","2.6666666666666665"
"how to preserve pdf order in epub","3","0","0%","4.3333"
"online ebook converter","3","0","0%","8.666666666666666"
"convertidos online a ebook","3","0","0%","8.666666666666666"
"can i use calibre online without installing","3","0","0%","9"
"como convertir de mobi a epub","3","0","0%","9"
"is azw3 compatible with kindle","3","0","0%","4.666666666666667"
"fix it with bookconv (fastest)bookconv runs on the calibre engine but handles the rasterization and embedding steps for you. upload the epub, choose pdf, and it preserves embedded images (including svg covers), reflows the text, and lets you pick a4 or letter page size. no software to install. start here: /convert/epub-to-pdf.fix it with calibre (more control)if you want fine control, calibre can do it — with caveats. open preferences → output → pdf, set a sensible page size, then enable font embedding. calibre's pdf output is functional but basic; complex css and svg still render imperfectly. for a linux walkthrough of the same engine, see /blog/epub-to-","3","0","0%","4.3333"
"kindle supported file formats 2025 2026 azw kfx mobi epub pdf","3","0","0%","6.6667"
"i converted pdf to mobi but my kindle does not open","3","0","0%","1"
"can kobo read mobi","3","0","0%","2.3333333333333335"
"calibre free convert","3","0","0%","9"
"is fire tablet usable with marcia mobi","3","0","0%","1"
"mobi converter online","2","0","0%","10"
"epub v2 vs v3 difference","2","0","0%","5"
"ebook to mobi","2","0","0%","7"
"ebook converter online","2","0","0%","9.5"
"epub vs cbz for kindle","2","0","0%","4"
"que diferencia hay entre mobi y azw3","2","0","0%","3.5"
"what tyrpe of files can kindle open on fire mobi","2","1","50%","3"
"amazon kindle supported ebook file formats send to kindle epub azw3 mobi","2","0","0%","3"
"convert kfx to mobi","2","0","0%","10"
"covert2epub","2","0","0%","8"
"free full pdf ebook converter","2","0","0%","8"
"convertidor ebook","2","0","0%","6"
"azw vs mobi","2","0","0%","5.5"
"kindle keyboard 3rd generation supported ebook formats mobi azw","2","0","0%","4"
"kindle 3 supported file formats epub mobi azw","2","0","0%","1.5"
"does kobo support the mobi format","2","0","0%","5"
"convertidor de formatos epub","2","0","0%","7"
"ebookcoverter","2","1","50%","1"
"cinverter epub","2","0","0%","9"
"can a kindle scribe read azw3 files","2","0","0%","1"
"calibre turn txt to epub","2","0","0%","9"
"epub zip","2","0","0%","10"
"epub to azw3 keeping images","2","1","50%","2"
"convert books into epub","2","0","0%","8"
"ebook converter free","2","0","0%","6.5"
"how to get azw3 book onto kindle paperwhite 7th generation","2","0","0%","1"
"export book 64 gb ram","2","0","0%","2"
"can i sideload · azw3 to kindle","2","0","0%","6.5"
"azw3 and mobi formats","2","0","0%","6"
"online converter mobi","2","0","0%","10"
"kindle does it read mobi or azw3?","2","0","0%","2.5"
"what is the best free ebook unlimited reading app","2","0","0%","6"
"can kobo read azw3","2","0","0%","6"
"can you copy kobo book to pdf","2","0","0%","10"
"frecconvert epub","2","0","0%","7"
"should i conver mobi to epub or azw3 for kindle paperwhite","2","0","0%","1.5"
"convertidor libros on line","2","0","0%","6"
"mobi vs azw","2","0","0%","4.5"
"how to sync reading progress kobo","2","0","0%","6"
"libros formato azw3 o han","2","0","0%","4.5"
"are azw3 appropriate for mondern kindle?","2","0","0%","3"
"convert kobo books to epub","2","0","0%","4"
"can i convert an azw3 to be read on a kobo","2","0","0%","5"
"my book won't open on kindle","2","0","0%","8"
"kobo vs kindle formaty plików epub mobi azw","2","0","0%","1.5"
"books convert","2","0","0%","3"
"do kindles use epub or azw3","2","0","0%","4"
"my ebook reader wont recognise epub file","2","0","0%","7"
"mobi  vs azw3 format?","2","0","0%","6.5"
"kindle formats","2","0","0%","7"
"formato kindle cual es mejor mobi o az","2","0","0%","3.5"
"epub mobi azw3","2","1","50%","3"
"amazon send to kindle epub compatibility older kindle mobi azw3 official","2","0","0%","2.5"
"can kindle sync progress between devices","2","0","0%","7"
"online converter to epub with no  limit on size and where you dont need to add any personal information ie email address","2","0","0%","7"
"azw3 vs kfx kindle format current","2","0","0%","3"
"epub to mobi keeping images","2","1","50%","1"
"azw3 format kobo","2","0","0%","3"
"epub to pdf free without signing up","2","0","0%","6"
"is bookconv safe","2","0","0%","2.5"
"kobo to epub converter","2","0","0%","5.5"
"paso de epub a mobi","2","0","0%","8.5"
"can you sync kindle with apple books","2","0","0%","6"
"kindle azw3 mobi corrupt file fix","2","0","0%","4.5"
"best free ebub reader for android and apple","2","0","0%","4.5"
"kindle azw3 vs epub compatibility features","2","0","0%","5"
"kindle azw3 or mobi","2","0","0%","6.5"
"epub azw3 format differences kindle official send to kindle epub conversion","2","0","0%","4"
"kobo supported file formats epub overdrive library vs kindle send to kindle epub support official","2","0","0%","3"
"ols or software like calibre, preserving formatting, images, and metadata.#N#online conv","2","0","0%","5.5"
"epub v2 vs v3","2","0","0%","5"
"mobi for kindle transfers to kobo","2","0","0%","2.5"
"project-to-epub","2","0","0%","10"
"does azw3 work on kindle","2","0","0%","3"
"azw3 or epub for kindle paperwhite 6","2","0","0%","1.5"
"microsoft’s lit format on kindle","2","0","0%","5.5"
"kobo can read azw","2","0","0%","6.5"
"what are websites that turn a txt file into a book","2","0","0%","2"
"programa  convertidor ebook gratis","2","0","0%","6"
"can kobo use azw3 files","2","0","0%","5.5"
"kobo lit format kindle azw","2","0","0%","1.5"
"kindle azw3 or mobi which better","2","0","0%","4"
"mobi zondervan niv vs epub zondervan niv","2","0","0%","4"
"formato kindle paperwhite 10 generacion cual es mejor mobi o az","2","0","0%","3.5"
"mobi to epub keep page layout","2","0","0%","4"
"does kobo support awz3 format","2","0","0%","5"
"kindle file format","2","0","0%","9.5"
"chronicles of narnia all books epub to work with kindle","2","1","50%","1"
"docx to epub and add cover","2","0","0%","1"
"epub to pdf for linux converter","2","0","0%","1"
"kindle paperwhite better version mobi or azw3","2","0","0%","3"
"epub to zip","2","0","0%","6"
"convert ebook mobi azw3 to kindle dictionary format","2","0","0%","4"
"how to preserve formatting of epub document when converting to pdf","2","0","0%","6"
"ebook online converter","2","0","0%","8"
"covert epub","2","0","0%","8"
"kobo vs kindle format compatibility","2","1","50%","2.5"
"epub pdf txt mobi awz3","2","0","0%","8"
""v " pdf epub mobi","1","0","0%","5"
"mobi vs epub in kindle master vs legacy format the difference","1","0","0%","4"
"convertidor onlin ebook","1","0","0%","6"
"when did kindle start accepting azw3","1","0","0%","2"
"is epub compatible with apple devices?","1","0","0%","8"
"kindle can't open spun file","1","0","0%","6"
"mejor convertidor de archivos gratuito para ebook","1","0","0%","4"
"harry potter books kindle download epub","1","1","100%","4"
"epub not opening on kindle","1","0","0%","6"
"epub to pdf linux command line","1","0","0%","4"
"conversio book","1","0","0%","5"
"caravalcan i open epub in the books app iphone","1","0","0%","6"
"what format are books on kindle","1","0","0%","6"
"can kindle run aseprite","1","0","0%","2"
"is mobi compatible with kindle paperwhite","1","0","0%","5"
"best free ebook reader","1","0","0%","7"
"harry potter ebooks kindle","1","0","0%","3"
"azw, kfx ou mo","1","0","0%","7"
"who formed the small file azw3 mobi or epub","1","0","0%","4"
"mobi vs azw3","1","0","0%","4"
"kindle file formats azw azw3 mobi kfx prc metadata epub opf metadata","1","0","0%","2"
"my ebook fails to open on kindle","1","1","100%","2"
"how to turn kepub to epub","1","0","0%","4"
"mobi vs epub which is better","1","0","0%","7"
"mobi vs azw3 vs epub","1","0","0%","5"
"book converter","1","0","0%","7"
"pdf#R##N#epub#R##N#jwpub#R##N#rtf#R##N#brl","1","0","0%","6"
"new kindle books formats","1","0","0%","8"
"books converter：","1","0","0%","7"
"e reader app","1","0","0%","10"
"kindle epub metadata compatible","1","0","0%","8"
"epub will not open on kindle","1","0","0%","1"
"can io converrt kindle books to epub on epuor for free","1","0","0%","2"
"convert azw3 to mobi on calibre","1","0","0%","8"
"why is kindle not accepting azw3","1","0","0%","3"
"download#R##N#azw3#R##N#epub#R##N#mobi#R##N#pdf#R##N#html#R##N#work header#R##N#rating:#R##N#not rated","1","0","0%","3"
"my ebook reader wont recognise epub","1","0","0%","4"
"kindle format az","1","0","0%","6"
"calibre epub to pdf missing images","1","0","0%","1"
"amazon+kindle+epub+files","1","0","0%","4"
"book farb contverter","1","1","100%","2"
"epub format converter","1","0","0%","7"
"what is an fb2 file and can it be converted to epub?","1","0","0%","4"
"how to sync my kindle and iphone to exavt reading pace","1","0","0%","4"
"djvu vs pdf e-reader legibility conversion settings","1","0","0%","6"
"why will my file not open on kindle","1","0","0%","1"
"epub version 2 vs 3","1","0","0%","5"
"por qué mobi consume más kb que ebup","1","0","0%","6"
"epub converter online","1","0","0%","10"
"convertir epub a mobi sin límite","1","0","0%","6"
"can youread a .mobi file on a kobo ereader","1","0","0%","2"
"e pdf converter","1","0","0%","159"
"se pueden pulir libros digitales en azw3 o epub","1","0","0%","4"
"avs epub to mobi","1","0","0%","10"
"azw3 is it kindle does it read i?on amz fire tablet","1","0","0%","1"
"ebook form,ats .lit or .mobi","1","0","0%","4"
"convertir+epub+en+docx","1","0","0%","6"
"convert story from github story-skills project to epub, pdf, djvu, azwe, mobi, fb2, prc, chm, or cbz, etc.","1","1","100%","5"
"what format kindle uses","1","0","0%","9"
"epub,pdf,txt","1","0","0%","6"
"cual es el formato que utilisa kindle azu3 o epub","1","0","0%","9"
"free pdf converter starts with calibra no adds","1","0","0%","3"
"kobo azw3","1","0","0%","5"
"mobi/send to kindle not supported for non-kindle profiles","1","0","0%","4"
"libro to pdf","1","0","0%","7"
"convertir+fichier+epub+en+word","1","0","0%","4"
"convert epub mobi","1","0","0%","10"
"epub book converter","1","0","0%","8"
"considering converting a txt file to epub","1","0","0%","3"
"kindle to epub without losing formatting","1","0","0%","10"
"convert epub to pdf linux","1","0","0%","4"
"knigi v mobi format","1","0","0%","1"
"kfx vs azw3","1","0","0%","8"
"free pdf converter starts with calibre no ads","1","0","0%","8"
"azw3 vs kfx","1","0","0%","10"
"ebookconvert","1","0","0%","4"
"ebuk mobi co o","1","0","0%","7"
"paso epub a movi","1","0","0%","7"
"what is is the kindle format","1","0","0%","7"
"does kindle read azw3","1","0","0%","1"
"linux epub to pdf","1","1","100%","9"
"why can't i convert kobo plus books to epub","1","0","0%","2"
"share in progress book across kindle devices","1","0","0%","3"
"does kobo readi mobi file","1","1","100%","3"
"can i change and epub file back to a docx file","1","0","0%","3"
"e-book converter","1","0","0%","7"
"should i be concerned about converting my story from word document into epub file","1","0","0%","4"
"can kindle support pdf epub daisy formatting vs kobo format","1","0","0%","2"
"kfmonkobomobileread","1","0","0%","7"
"epub-convert","1","0","0%","10"
"ebook.online-convert","1","0","0%","4"
"can readera open azw3 files","1","0","0%","4"
"is kindle edition format book can read in ios books app","1","0","0%","2"
"app convert ebook size from kb to 750mb","1","0","0%","9"
"mobi oder azw3 format","1","0","0%","10"
"epub to mobi free calibra converter","1","0","0%","6"
"can you convert kobo ebooks to pdf","1","0","0%","10"
"do i need a book in pdf format for a kobo","1","0","0%","4"
"does kindle and kobo have the same format","1","1","100%","2"
"convert kobo plus toepub","1","0","0%","7"
"]azw ~","1","0","0%","7"
"amazon kindle format","1","0","0%","10"
"install harry potter epub books","1","0","0%","2"
"lit file to mobi","1","0","0%","5"
"how to sync my book i'm reading","1","0","0%","5"
"when converting epub file to pdf file pagination disappears how to fix","1","0","0%","1"
"tipos formatos e-book epub estándar abierto","1","0","0%","7"
"when downloading a ebook, should io download the epub book or the mobi version?","1","0","0%","8"
"i have converted an e-book from mobi to epub but how do i get to read it now","1","0","0%","2"
"how to publish epub from docx word","1","0","0%","4"
"can calibre convert djvu to pdf","1","0","0%","8"
"que es el formato azw3 - epub","1","0","0%","5"
"my formatting is completely wack after converting from txt to epub","1","0","0%","4"
"how to convert a book from kobo to pdf or epub for remarkable","1","0","0%","2"
"harry ebook","1","0","0%","6"
"epub 2 vs 3","1","0","0%","5"
"difference between azw3 and epub","1","0","0%","10"
"azw3 vs azw8","1","0","0%","5"
"conversor formatos ebooks","1","0","0%","4"
"kindle cannot open file in archive","1","0","0%","10"
"epubs appear as booksconvert to azw3/kfx","1","0","0%","10"
"kobo to epub","1","1","100%","4"
"convertir archivos ebook","1","0","0%","7"
"does kindle support azw3?","1","0","0%","3"
"best ebook format remember page position native apps","1","0","0%","2"
"de lit (microsoft reader ebook a epubf+","1","0","0%","3"
"diferencias entre formatos epub pdf azw3 kf8 especificaciones técnicas","1","0","0%","6"
"el kindle de microsof store en qué formato está, mobi  o es de otro tipo?","1","0","0%","3"
"books conventer","1","0","0%","4"
"ebook convertidor","1","0","0%","7"
"what applicstion can i download for reading ebooks for free","1","0","0%","8"
"how to convert a book from kobo to pdf or epub for remarkable. its downloaded as a .acsm","1","0","0%","2"
"convert kobo to epub reddit","1","0","0%","6"
"harry potter read book online on kindle","1","0","0%","5"
"i converted pdf to epub but the math and physics symbols are messed up how can i fix it?","1","0","0%","1"
"+convertio+epub+pdf","1","0","0%","7"
"can you sync kobo devices so they have the same books if they are downloaded","1","0","0%","10"
"ebub to zip","1","0","0%","6"
"azw3 epub mobi pdf html is any of these format editable","1","0","0%","8"
"convert cbr to pdf software portable free download","1","0","0%","7"
"epub to cbr","1","0","0%","8"
"why is mobi file book pure gibberish","1","0","0%","1"
"convertir+un+epub+en+word","1","0","0%","4"
"mobi web 3 pdf","1","0","0%","9"
"can't convert kobo books to epub xteink","1","0","0%","6"
"kobo interop compatibility wook","1","0","0%","2"
"convert kobo to epub","1","0","0%","4"
"does kobo sync reading position as well as kindle does?","1","0","0%","2"
"kobo cant open converted epub","1","0","0%","8"
"formato .epub y .mobi.","1","0","0%","9"
"formato que se ve bien en kindle original epub o mobi","1","0","0%","6"
"mobi vs azw3 kindle","1","0","0%","4"
"what is the best free ebook unlimited reading app for android","1","0","0%","3"
"ebook online coverter","1","0","0%","7"
"moving mobi to kobo","1","0","0%","1"
"download epub from kobo","1","0","0%","10"
"what is the kindle kfx file","1","0","0%","7"
"formato azw3 kindle","1","0","0%","10"
"para pasar un libro a un kindle antiguo tiene que ser formato mobi?","1","0","0%","3"
"what is the difference between azw and mobi formats?","1","0","0%","3"
"biblioteca invalid conversion error fix","1","1","100%","1"
"kindle kfx format","1","0","0%","7"
"anny ebook conert","1","0","0%","9"
"how to convert a book from kobo to pdf or epub for remarkable, on chromebook its downloaded as a .acsm","1","0","0%","2"
"convertidor on line de libros","1","0","0%","5"
"what file to convert large book to","1","0","0%","1"
"azw3, epud, mobi pdf html file","1","0","0%","1"
"can i browse the azw3 container?","1","0","0%","5"
"htpps://ebook.online-convert.com/es/convertir.a.epub","1","0","0%","5"
"epub fixed layout to pdf","1","1","100%","6"
"which is better for kindle mobi or epub","1","0","0%","10"
"que formato de descarga usa el ebooz","1","0","0%","6"
"how to publish epub from docx word using calibre","1","0","0%","10"
".hb azw","1","1","100%","1"
"ebook online-convert","1","0","0%","7"
"can amazon kindle fire read azw3","1","0","0%","2"
"epub in peub2","1","0","0%","10"
"epub convert","1","0","0%","6"
"azw3 es lo mismo ue epub?","1","0","0%","1"
"do i need a kebup for my kobo epub file?","1","0","0%","10"
"can kindle read azw","1","0","0%","2"
"kobo to epub converter online","1","0","0%","9"
"convertir epub mobi en lien","1","0","0%","6"
"ebook format converter","1","0","0%","3"
"best free ebook converter","1","0","0%","3"
"how to turn kobo epub to epub","1","0","0%","1"
"harry potter books kindle download azw3","1","0","0%","5"
"is mobi a good ebook format","1","0","0%","8"
"gutenberg fail conversion","1","0","0%","7"
"mobi kf8 azw3 format specification","1","0","0%","7"
"should i convert epub to azw3 or kfx for kindle scribe calibre","1","0","0%","1"
"convesior epub mobi azw3","1","0","0%","8"
"ebueformat doc","1","0","0%","5"
"how to convert a .cbr into .pdf using sumatra pdf","1","0","0%","7"
"best free ebook reader app","1","0","0%","5"
"epub 3 vs. epub","1","0","0%","9"
"epub, mobi, azw, azw3, fb2","1","0","0%","2"
"what format does kindle use","1","0","0%","9"
"epub png coverter","1","0","0%","6"
"conversion booksnwritingofficial vers epub","1","0","0%","7"
"current kindle format","1","0","0%","6"
"why does my downloaded epub have large mb","1","1","100%","2"
"convertir archivos mobi  a cbr","1","0","0%","5"
"pdf epub mobi","1","0","0%","3"
"can amazon kindle read azw3","1","1","100%","1"
"convertidor epub azw3 mobi descarga","1","0","0%","5"
"pasar de epub a mobi en linea","1","0","0%","9"
"mobi vs epub for kindle","1","0","0%","10"
"epub/.mobi/.azw3","1","0","0%","5"
"epub to pdf linux command","1","0","0%","2"
"kindle available formats","1","0","0%","7"
"how to download kobo books as epub","1","0","0%","2"
"kinlde azw files compatibility reader 2013","1","1","100%","2"
"verschil tussen epub 2 en 3","1","0","0%","8"
"free online  epub file converter for laptop","1","0","0%","7"
"free online convert pdf word epub azw","1","0","0%","3"
"should i convert epub to azw3 or kfx for kindle scribe","1","1","100%","1"
"elegir formato tomar epub celulares","1","0","0%","7"
"ebutformat doc","1","0","0%","5"
"how to connect apple books with kobo","1","0","0%","4"
"if i am trying to out my kidnle books.on my kobo will they just look like odf?","1","0","0%","3"
"azw3 mobi epub, which is best?","1","0","0%","3"
"mi antiguo kindle lee awz3?","1","0","0%","1"
"is there anyway to convert images of a book into a pdf containing book content and illustrations or a epub format","1","0","0%","3"
"which is better between azw3 and epub","1","0","0%","9"
"can i synch my kobo book i am reading across my apple devices","1","1","100%","1"
"can x3 read azw3","1","0","0%","3"
"free online converter mobi to epub keep images and formatting","1","0","0%","4"
"convertidor epub","1","0","0%","7"
"ebook format convetrer","1","0","0%","5"
"convert epub into","1","0","0%","9"
"can i read epub on my app phone","1","0","0%","7"
"what format ebook to read on kindle","1","0","0%","5"
"convert azw3 doc to book on kindle fire","1","0","0%","7"
"epub or mobi for kobo","1","0","0%","5"
"what formats works on kindle, does azw3 work?","1","0","0%","8"
"pdf,djvu,epub,fb2,mobi,azw3,doc,docx,rtf,cbr,cbz,,zip,rar,txt,odt,chm games","1","0","0%","1"
"convert awd doc to book on kindle fire","1","0","0%","5"
"epub to pdf linux","1","0","0%","8"
"free convert lit to mobi","1","0","0%","7"
"pdf,djvu,epub,fb2,mobi,azw3,doc,docx,rtf,cbr,cbz,,zip,rar,txt,odt,chm","1","0","0%","1"
"does kindle support azw3","1","0","0%","9"
"how to convert an online ebook","1","0","0%","8"
"kfx kindle","1","0","0%","4"
"what is the best format to convert an ebook to read for free","1","0","0%","5"
"free app to chnage book format to mobi","1","0","0%","7"
"azw3 es.compatible.con kindle","1","0","0%","5"
"+commandandconvertbook","1","0","0%","4"
"convert kobo to epud","1","0","0%","5"
"my epub is not opening in kindle preview how do i fix","1","0","0%","2"
"kindle format mobi or epub","1","0","0%","10"
"ebook format conversion","1","1","100%","4"
"why does converting epub to pdf result in smaller viewing area?","1","1","100%","1"
"epub , fb2 , mobi , txt , rtf#R##N#unlock conversion of files larger than your limit 3 mb#R##N#premium","1","0","0%","4"
"why my first kindle cant read epub file","1","0","0%","6"
"azw3 vs mobi for kindle","1","0","0%","3"
"azw3 format","1","0","0%","10"
"convertidor epub gratis","1","0","0%","7"
"convert epub","1","0","0%","8"
"amazon kindle scribe reading formats azw3 kfx epub official","1","0","0%","3"
"which is the native format of kindle - opf or kfx","1","0","0%","2"
"cambio de epub a mobi","1","0","0%","9"
"epub/azw3/mobi/pdf/txt","1","0","0%","10"
"what is the best format of files for kobo readeers","1","0","0%","8"
"cbr to pdf scale so all pages are exactly the same","1","0","0%","2"
"e\book converter","1","1","100%","7"
"que eboock lle formato mobi","1","0","0%","9"
"2012 kindle black won't read azw file","1","0","0%","1"
"which file foramt is best for kindle epub od azw3","1","0","0%","2"
"output .epub to plaintext","1","0","0%","8"
"whats the difference between epub 2 and 3","1","0","0%","6"
"not all books work in kindle format right yes no","1","0","0%","3"
"what format books can kindle show","1","0","0%","9"
