"页面","印象数","点击次数","点击率","平均排名"
"https://www.bookconv.com/","264","15","5.68%","6.5302768939393925"
"https://www.bookconv.com/guide/kindle-formats","98","1","1.02%","5.051019387755102"
"https://www.bookconv.com/blog/kindle-epub-azw3-mobi","52","1","1.92%","4.365388461538462"
"https://www.bookconv.com/es","34","0","0%","5.705882352941177"
"https://www.bookconv.com/blog/kobo-to-epub","34","1","2.94%","5.235297058823529"
"https://www.bookconv.com/blog/azw3-epub-mobi-kindle-compatibility","30","0","0%","4.933333333333334"
"https://www.bookconv.com/blog/why-ebook-wont-open-kindle","24","1","4.17%","4.4583375"
"https://www.bookconv.com/blog/ebook-formats-explained","24","0","0%","6.125008333333334"
"https://www.bookconv.com/blog/sync-reading-across-devices","23","1","4.3500000000000005%","4.565221739130435"
"https://www.bookconv.com/blog/can-kindle-read-azw3","22","2","9.09%","1.8636409090909092"
"https://www.bookconv.com/blog/epub3-vs-epub2","22","0","0%","5.272736363636364"
"https://www.bookconv.com/blog/best-ebook-reader-apps","21","0","0%","6.4285571428571435"
"https://www.bookconv.com/blog/batch-converter","17","0","0%","5.176464705882353"
"https://www.bookconv.com/blog/azw3-epub-mobi-kindle","17","2","11.76%","4.235294117647059"
"https://www.bookconv.com/es/blog/ebook-formats-explained","14","0","0%","5.642857142857143"
"https://www.bookconv.com/guide/mobi-vs-azw3","11","1","9.09%","3.9091000000000005"
"https://www.bookconv.com/blog/azw3-vs-mobi","11","0","0%","4.545445454545455"
"https://www.bookconv.com/es/blog/azw3-vs-mobi","10","0","0%","4.2"
"https://www.bookconv.com/guide/fix-epub-to-pdf-formatting","10","2","20%","3.4"
"https://www.bookconv.com/guide/calibre-alternative","9","0","0%","8.222222222222221"
"https://www.bookconv.com/blog/harry-potter-digital-books-multiple-devices","8","1","12.5%","4.75"
"https://www.bookconv.com/guide/txt-to-epub-build-ebook","8","0","0%","6"
"https://www.bookconv.com/guide/docx-to-epub-self-publish","7","0","0%","3.857142857142857"
"https://www.bookconv.com/guide/mobi-to-epub-keep-formatting","7","0","0%","2"
"https://www.bookconv.com/blog/epub-to-word","7","0","0%","5"
"https://www.bookconv.com/blog/mobi-to-kobo","7","1","14.290000000000001%","3.4285714285714284"
"https://www.bookconv.com/guide/epub-to-azw3-for-kindle","6","1","16.67%","3.5"
"https://www.bookconv.com/guide/epub-to-mobi-keep-formatting","6","1","16.67%","4.16665"
"https://www.bookconv.com/es/blog/epub-to-pdf-linux","5","1","20%","3.4"
"https://www.bookconv.com/es/blog/epub-to-mobi-guide","5","0","0%","8"
"https://www.bookconv.com/convert/epub-to-zip","4","0","0%","8.25"
"https://www.bookconv.com/guide/pdf-to-epub-keep-formatting","4","0","0%","4"
"https://www.bookconv.com/blog/ebook-conversion-tools","4","0","0%","7"
"https://www.bookconv.com/blog/epub-vs-mobi","4","0","0%","7.5"
"https://www.bookconv.com/blog/chronicles-of-narnia-ebooks-multiple-devices","4","1","25%","3"
"https://www.bookconv.com/blog/read-epub-on-any-device","3","0","0%","7.333333333333333"
"https://www.bookconv.com/guide/azw3-vs-mobi","3","0","0%","4.6667"
"https://www.bookconv.com/convert","3","0","0%","3.3333333333333335"
"https://www.bookconv.com/es/blog/mobi-to-epub","3","0","0%","9"
"https://www.bookconv.com/guide/cbr-to-pdf","3","0","0%","5.666666666666667"
"https://bookconv.com/convert/epub-to-png","3","0","0%","5"
"https://www.bookconv.com/blog/conversion-error-guide","3","1","33.33%","3.6666666666666665"
"https://www.bookconv.com/convert/epub-to-pdf","2","0","0%","6"
"https://www.bookconv.com/blog/epub-to-docx","2","0","0%","4"
"https://www.bookconv.com/convert/lit-to-mobi","2","0","0%","6"
"https://www.bookconv.com/es/blog/can-kindle-read-azw3","2","0","0%","1.5"
"https://www.bookconv.com/es/blog/how-to-convert-epub-to-mobi","2","0","0%","7"
"https://www.bookconv.com/blog/large-file-conversion-guide","1","1","100%","2"
"https://www.bookconv.com/guide/azw3-to-mobi-keep-formatting","1","0","0%","8"
"https://www.bookconv.com/help","1","0","0%","4"
"https://www.bookconv.com/guide","1","0","0%","10"
"https://www.bookconv.com/tutorial","1","0","0%","6"
"https://www.bookconv.com/guide/lit-to-epub-keep-formatting","1","0","0%","3"
"https://www.bookconv.com/convert/epub-to-mobi","1","0","0%","6"
"https://www.bookconv.com/guide/epub-to-txt-extract","1","0","0%","8"
"https://www.bookconv.com/blog/fb2-to-epub","1","0","0%","4"
"https://www.bookconv.com/blog/common-ebook-format-problems","1","0","0%","1"
"https://www.bookconv.com/guide/djvu-to-pdf","1","0","0%","8"
