"页面","Citations"
"https://www.bookconv.com/blog/best-ebook-reader-apps","2246"
"https://www.bookconv.com/convert/epub-to-pdf","863"
"https://www.bookconv.com/convert/epub-to-mobi","747"
"https://www.bookconv.com/blog/sync-reading-across-devices","520"
"https://www.bookconv.com/guide/epub-to-azw3-for-kindle","428"
"https://www.bookconv.com/guide/epub-to-mobi-keep-formatting","421"
"https://www.bookconv.com/blog/sync-ebooks-reading-groups","398"
"https://www.bookconv.com/es/blog/epub-to-mobi-guide","372"
"https://www.bookconv.com/guide/mobi-to-epub-keep-formatting","296"
"https://www.bookconv.com/guide/kindle-formats","289"
"https://www.bookconv.com/guide/djvu-to-pdf","261"
"https://www.bookconv.com/blog/reading-groups-hub","194"
"https://www.bookconv.com/","185"
"https://www.bookconv.com/blog/epub-vs-mobi","180"
"https://www.bookconv.com/guide/cbr-to-pdf","170"
"https://www.bookconv.com/blog/why-ebook-wont-open-kindle","163"
"https://www.bookconv.com/blog/azw3-vs-mobi","143"
"https://www.bookconv.com/blog/mobi-to-epub","136"
"https://www.bookconv.com/blog/mobi-to-kobo","133"
"https://www.bookconv.com/guide/docx-to-epub-self-publish","129"
"https://www.bookconv.com/blog/epub3-vs-epub2","98"
"https://www.bookconv.com/blog/epub-to-azw3","90"
"https://www.bookconv.com/blog/cbr-to-pdf","71"
"https://www.bookconv.com/blog/ebook-formats-explained","71"
"https://www.bookconv.com/es","66"
"https://www.bookconv.com/blog/djvu-to-pdf","51"
"https://www.bookconv.com/blog/can-kindle-read-azw3","38"
"https://www.bookconv.com/guide/fix-epub-to-pdf-formatting","26"
"https://www.bookconv.com/blog/read-epub-on-any-device","25"
"https://www.bookconv.com/blog/ebook-troubleshooting","25"
"https://www.bookconv.com/blog/epub-vs-pdf","24"
"https://www.bookconv.com/blog/azw3-epub-mobi-kindle-compatibility","21"
"https://www.bookconv.com/blog/kindle-epub-azw3-mobi","17"
"https://www.bookconv.com/convert/txt-to-epub","14"
"https://www.bookconv.com/guide/mobi-vs-azw3","13"
"https://www.bookconv.com/blog/large-file-conversion-guide","12"
"https://www.bookconv.com/blog/harry-potter-digital-books-multiple-devices","12"
"https://www.bookconv.com/guide/azw3-to-mobi-keep-formatting","11"
"https://www.bookconv.com/guide/txt-to-epub-build-ebook","10"
"https://www.bookconv.com/guide/fb2-to-epub-keep-formatting","8"
"https://www.bookconv.com/convert/lit-to-mobi","6"
"https://www.bookconv.com/blog/txt-to-epub","4"
"https://www.bookconv.com/es/blog/azw3-vs-mobi","3"
"https://www.bookconv.com/guide/best-ebook-converter","3"
"https://www.bookconv.com/blog/kobo-to-epub","3"
"https://www.bookconv.com/blog/epub-to-word","3"
"https://www.bookconv.com/es/blog/can-kindle-read-azw3","3"
"https://www.bookconv.com/blog/conversion-error-guide","3"
"https://www.bookconv.com/convert/html-to-epub","3"
"https://www.bookconv.com/es/blog/ebook-formats-explained","2"
"https://www.bookconv.com/blog/azw3-epub-mobi-kindle","2"
