source_engine,query_key,query_raw,snapshot_date,rank,url,domain,title,metrics_raw,note,source_file
brave_aggregate,"(aggregate: 26 keywords, 2026-08-01)","(aggregate: 26 keywords, 2026-08-01)",2026-08-01,,,cloudconvert.com,,freq_in_top10_serp=24,type=工具站; domain=cloudconvert.com,E:\一人公司\电子书格式转换站\ebook-converter\brave_serp_report.md
brave_aggregate,"(aggregate: 26 keywords, 2026-08-01)","(aggregate: 26 keywords, 2026-08-01)",2026-08-01,,,freeconvert.com,,freq_in_top10_serp=23,type=工具站; domain=freeconvert.com,E:\一人公司\电子书格式转换站\ebook-converter\brave_serp_report.md
brave_aggregate,"(aggregate: 26 keywords, 2026-08-01)","(aggregate: 26 keywords, 2026-08-01)",2026-08-01,,,convertio.co,,freq_in_top10_serp=21,type=工具站; domain=convertio.co,E:\一人公司\电子书格式转换站\ebook-converter\brave_serp_report.md
brave_aggregate,"(aggregate: 26 keywords, 2026-08-01)","(aggregate: 26 keywords, 2026-08-01)",2026-08-01,,,ebook.online-convert.com,,freq_in_top10_serp=17,type=工具站; domain=ebook.online-convert.com,E:\一人公司\电子书格式转换站\ebook-converter\brave_serp_report.md
brave_aggregate,"(aggregate: 26 keywords, 2026-08-01)","(aggregate: 26 keywords, 2026-08-01)",2026-08-01,,,zamzar.com,,freq_in_top10_serp=15,type=工具站; domain=zamzar.com,E:\一人公司\电子书格式转换站\ebook-converter\brave_serp_report.md
brave_aggregate,"(aggregate: 26 keywords, 2026-08-01)","(aggregate: 26 keywords, 2026-08-01)",2026-08-01,,,reddit.com,,freq_in_top10_serp=14,type=论坛/Q&A; domain=reddit.com,E:\一人公司\电子书格式转换站\ebook-converter\brave_serp_report.md
brave_aggregate,"(aggregate: 26 keywords, 2026-08-01)","(aggregate: 26 keywords, 2026-08-01)",2026-08-01,,,onlineconverter.com,,freq_in_top10_serp=10,type=工具站; domain=onlineconverter.com,E:\一人公司\电子书格式转换站\ebook-converter\brave_serp_report.md
brave_aggregate,"(aggregate: 26 keywords, 2026-08-01)","(aggregate: 26 keywords, 2026-08-01)",2026-08-01,,,epubor.com,,freq_in_top10_serp=7,type=工具站; domain=epubor.com,E:\一人公司\电子书格式转换站\ebook-converter\brave_serp_report.md
brave_aggregate,"(aggregate: 26 keywords, 2026-08-01)","(aggregate: 26 keywords, 2026-08-01)",2026-08-01,,,file-converter.org,,freq_in_top10_serp=5,type=工具站; domain=file-converter.org,E:\一人公司\电子书格式转换站\ebook-converter\brave_serp_report.md
brave_aggregate,"(aggregate: 26 keywords, 2026-08-01)","(aggregate: 26 keywords, 2026-08-01)",2026-08-01,,,any-ebook-converter.com,,freq_in_top10_serp=5,type=工具站; domain=any-ebook-converter.com,E:\一人公司\电子书格式转换站\ebook-converter\brave_serp_report.md
brave_aggregate,"(aggregate: 26 keywords, 2026-08-01)","(aggregate: 26 keywords, 2026-08-01)",2026-08-01,,,freepdfconvert.com,,freq_in_top10_serp=5,type=工具站; domain=freepdfconvert.com,E:\一人公司\电子书格式转换站\ebook-converter\brave_serp_report.md
brave_aggregate,"(aggregate: 26 keywords, 2026-08-01)","(aggregate: 26 keywords, 2026-08-01)",2026-08-01,,,pdf2go.com,,freq_in_top10_serp=5,type=工具站; domain=pdf2go.com,E:\一人公司\电子书格式转换站\ebook-converter\brave_serp_report.md
brave_aggregate,"(aggregate: 26 keywords, 2026-08-01)","(aggregate: 26 keywords, 2026-08-01)",2026-08-01,,,apps.apple.com,,freq_in_top10_serp=5,type=工具站; domain=apps.apple.com,E:\一人公司\电子书格式转换站\ebook-converter\brave_serp_report.md
brave_aggregate,"(aggregate: 26 keywords, 2026-08-01)","(aggregate: 26 keywords, 2026-08-01)",2026-08-01,,,online2pdf.com,,freq_in_top10_serp=5,type=工具站; domain=online2pdf.com,E:\一人公司\电子书格式转换站\ebook-converter\brave_serp_report.md
brave_aggregate,"(aggregate: 26 keywords, 2026-08-01)","(aggregate: 26 keywords, 2026-08-01)",2026-08-01,,,freefileconvert.com,,freq_in_top10_serp=4,type=工具站; domain=freefileconvert.com,E:\一人公司\电子书格式转换站\ebook-converter\brave_serp_report.md
brave_aggregate,"(aggregate: 26 keywords, 2026-08-01)","(aggregate: 26 keywords, 2026-08-01)",2026-08-01,,,cdkm.com,,freq_in_top10_serp=4,type=工具站; domain=cdkm.com,E:\一人公司\电子书格式转换站\ebook-converter\brave_serp_report.md
brave_aggregate,"(aggregate: 26 keywords, 2026-08-01)","(aggregate: 26 keywords, 2026-08-01)",2026-08-01,,,play.google.com,,freq_in_top10_serp=4,type=工具站; domain=play.google.com,E:\一人公司\电子书格式转换站\ebook-converter\brave_serp_report.md
brave_aggregate,"(aggregate: 26 keywords, 2026-08-01)","(aggregate: 26 keywords, 2026-08-01)",2026-08-01,,,convertfiles.com,,freq_in_top10_serp=3,type=工具站; domain=convertfiles.com,E:\一人公司\电子书格式转换站\ebook-converter\brave_serp_report.md
brave_aggregate,"(aggregate: 26 keywords, 2026-08-01)","(aggregate: 26 keywords, 2026-08-01)",2026-08-01,,,products.aspose.app,,freq_in_top10_serp=3,type=工具站; domain=products.aspose.app,E:\一人公司\电子书格式转换站\ebook-converter\brave_serp_report.md
brave_aggregate,"(aggregate: 26 keywords, 2026-08-01)","(aggregate: 26 keywords, 2026-08-01)",2026-08-01,,,adobe.com,,freq_in_top10_serp=3,type=巨头平台; domain=adobe.com,E:\一人公司\电子书格式转换站\ebook-converter\brave_serp_report.md
brave_aggregate,"(aggregate: 26 keywords, 2026-08-01)","(aggregate: 26 keywords, 2026-08-01)",2026-08-01,,,apps.microsoft.com,,freq_in_top10_serp=3,type=巨头平台; domain=apps.microsoft.com,E:\一人公司\电子书格式转换站\ebook-converter\brave_serp_report.md
brave_aggregate,"(aggregate: 26 keywords, 2026-08-01)","(aggregate: 26 keywords, 2026-08-01)",2026-08-01,,,converter.publishdrive.com,,freq_in_top10_serp=3,type=工具站; domain=converter.publishdrive.com,E:\一人公司\电子书格式转换站\ebook-converter\brave_serp_report.md
brave_aggregate,"(aggregate: 26 keywords, 2026-08-01)","(aggregate: 26 keywords, 2026-08-01)",2026-08-01,,,github.com,,freq_in_top10_serp=3,type=工具站; domain=github.com,E:\一人公司\电子书格式转换站\ebook-converter\brave_serp_report.md
brave_aggregate,"(aggregate: 26 keywords, 2026-08-01)","(aggregate: 26 keywords, 2026-08-01)",2026-08-01,,,epub.to,,freq_in_top10_serp=3,type=工具站; domain=epub.to,E:\一人公司\电子书格式转换站\ebook-converter\brave_serp_report.md
brave_aggregate,"(aggregate: 26 keywords, 2026-08-01)","(aggregate: 26 keywords, 2026-08-01)",2026-08-01,,,pdfmate.com,,freq_in_top10_serp=2,type=工具站; domain=pdfmate.com,E:\一人公司\电子书格式转换站\ebook-converter\brave_serp_report.md
brave_aggregate,"(aggregate: 26 keywords, 2026-08-01)","(aggregate: 26 keywords, 2026-08-01)",2026-08-01,,,pdf.wondershare.com,,freq_in_top10_serp=2,type=工具站; domain=pdf.wondershare.com,E:\一人公司\电子书格式转换站\ebook-converter\brave_serp_report.md
brave_aggregate,"(aggregate: 26 keywords, 2026-08-01)","(aggregate: 26 keywords, 2026-08-01)",2026-08-01,,,tools.pdf24.org,,freq_in_top10_serp=2,type=工具站; domain=tools.pdf24.org,E:\一人公司\电子书格式转换站\ebook-converter\brave_serp_report.md
brave_aggregate,"(aggregate: 26 keywords, 2026-08-01)","(aggregate: 26 keywords, 2026-08-01)",2026-08-01,,,e-conv.com,,freq_in_top10_serp=2,type=工具站; domain=e-conv.com,E:\一人公司\电子书格式转换站\ebook-converter\brave_serp_report.md
brave_aggregate,"(aggregate: 26 keywords, 2026-08-01)","(aggregate: 26 keywords, 2026-08-01)",2026-08-01,,,marketplace.microsoft.com,,freq_in_top10_serp=2,type=巨头平台; domain=marketplace.microsoft.com,E:\一人公司\电子书格式转换站\ebook-converter\brave_serp_report.md
brave_aggregate,"(aggregate: 26 keywords, 2026-08-01)","(aggregate: 26 keywords, 2026-08-01)",2026-08-01,,,document.online-convert.com,,freq_in_top10_serp=2,type=工具站; domain=document.online-convert.com,E:\一人公司\电子书格式转换站\ebook-converter\brave_serp_report.md
brave_aggregate,(aggregate),(aggregate),2026-08-01,,,,,,bookconv.com NOT in top-20 of any of the 26 keywords (per report statement),E:\一人公司\电子书格式转换站\ebook-converter\brave_serp_report.md
ahrefs,rtf to epub,rtf to epub,2026-07-09,1,cloudconvert.com/rtf-to-epub,cloudconvert.com,,DR=—;UR=—;Backlinks=—;Domains=—;Traffic=—;Keywords=1,,E:\一人公司\电子书格式转换站\电子书转换工具站 — Ahrefs关键词数据最终完整报告.md
ahrefs,rtf to epub,rtf to epub,2026-07-09,2,convertio.co/rtf-epub,convertio.co,,DR=80;UR=4;Backlinks=0;Domains=0;Traffic=9;Keywords=1,,E:\一人公司\电子书格式转换站\电子书转换工具站 — Ahrefs关键词数据最终完整报告.md
ahrefs,rtf to epub,rtf to epub,2026-07-09,3,reddit.com/r/Calibre,reddit.com,,DR=95;UR=0;Backlinks=7;Domains=1;Traffic=—;Keywords=—,,E:\一人公司\电子书格式转换站\电子书转换工具站 — Ahrefs关键词数据最终完整报告.md
ahrefs,epub to png,epub to png,2026-07-09,1,convertio.co/epub-png,convertio.co,,DR=—;UR=—;Backlinks=0;Domains=—;Traffic=113;Keywords=3,,E:\一人公司\电子书格式转换站\电子书转换工具站 — Ahrefs关键词数据最终完整报告.md
ahrefs,epub to png,epub to png,2026-07-09,2,convertio.co/png-epub,convertio.co,,DR=80;UR=5;Backlinks=2;Domains=2;Traffic=1.2K;Keywords=4,,E:\一人公司\电子书格式转换站\电子书转换工具站 — Ahrefs关键词数据最终完整报告.md
ahrefs,epub to png,epub to png,2026-07-09,3,reddit.com/r/kindle,reddit.com,,DR=95;UR=0;Backlinks=4;Domains=1;Traffic=—;Keywords=—,,E:\一人公司\电子书格式转换站\电子书转换工具站 — Ahrefs关键词数据最终完整报告.md
ahrefs,azw3 to mobi,azw3 to mobi,2026-07-09,1,cloudconvert.com/azw3-to-mobi,cloudconvert.com,,DR=82;UR=0;Backlinks=3;Domains=2;Traffic=56;Keywords=2,,E:\一人公司\电子书格式转换站\电子书转换工具站 — Ahrefs关键词数据最终完整报告.md
ahrefs,azw3 to mobi,azw3 to mobi,2026-07-09,2,convertio.co/azw3-mobi,convertio.co,,DR=80;UR=4;Backlinks=1;Domains=1;Traffic=23;Keywords=1,,E:\一人公司\电子书格式转换站\电子书转换工具站 — Ahrefs关键词数据最终完整报告.md
ahrefs,azw3 to mobi,azw3 to mobi,2026-07-09,3,ebook.online-convert.com,ebook.online-convert.com,,DR=80;UR=4;Backlinks=0;Domains=0;Traffic=10;Keywords=1,,E:\一人公司\电子书格式转换站\电子书转换工具站 — Ahrefs关键词数据最终完整报告.md
ahrefs,mobi to txt,mobi to txt,2026-07-09,1,cloudconvert.com/mobi-to-txt,cloudconvert.com,,DR=—;UR=—;Backlinks=—;Domains=—;Traffic=—;Keywords=—,,E:\一人公司\电子书格式转换站\电子书转换工具站 — Ahrefs关键词数据最终完整报告.md
ahrefs,mobi to txt,mobi to txt,2026-07-09,2,convertio.co/mobi-txt,convertio.co,,DR=80;UR=4;Backlinks=0;Domains=0;Traffic=16;Keywords=1,,E:\一人公司\电子书格式转换站\电子书转换工具站 — Ahrefs关键词数据最终完整报告.md
ahrefs,mobi to txt,mobi to txt,2026-07-09,3,onlineconverter.com/mo...,onlineconverter.com,,DR=60;UR=6;Backlinks=0;Domains=0;Traffic=13;Keywords=1,,E:\一人公司\电子书格式转换站\电子书转换工具站 — Ahrefs关键词数据最终完整报告.md
ahrefs,html to epub,html to epub,2026-07-09,1,cloudconvert.com/html-to-epub,cloudconvert.com,,DR=—;UR=—;Backlinks=—;Domains=—;Traffic=—;Keywords=4,,E:\一人公司\电子书格式转换站\电子书转换工具站 — Ahrefs关键词数据最终完整报告.md
ahrefs,html to epub,html to epub,2026-07-09,2,reddit.com/r/Calibre,reddit.com,,DR=95;UR=0;Backlinks=28;Domains=1;Traffic=—;Keywords=—,,E:\一人公司\电子书格式转换站\电子书转换工具站 — Ahrefs关键词数据最终完整报告.md
ahrefs,html to epub,html to epub,2026-07-09,3,freeconvert.com/html-to...,freeconvert.com,,DR=77;UR=6;Backlinks=7;Domains=7;Traffic=29;Keywords=2,,E:\一人公司\电子书格式转换站\电子书转换工具站 — Ahrefs关键词数据最终完整报告.md
ahrefs,epub to txt,epub to txt,2026-07-09,1,cloudconvert.com/epub-to-txt,cloudconvert.com,,DR=82;UR=—;Backlinks=8;Domains=5;Traffic=6.5K;Keywords=6,,E:\一人公司\电子书格式转换站\电子书转换工具站 — Ahrefs关键词数据最终完整报告.md
ahrefs,epub to txt,epub to txt,2026-07-09,2,convertio.co/epub-txt,convertio.co,,DR=80;UR=4;Backlinks=5;Domains=3;Traffic=270;Keywords=7,,E:\一人公司\电子书格式转换站\电子书转换工具站 — Ahrefs关键词数据最终完整报告.md
ahrefs,epub to txt,epub to txt,2026-07-09,3,reddit.com/r/notebooklm,reddit.com,,DR=95;UR=0;Backlinks=2;Domains=1;Traffic=221;Keywords=7,,E:\一人公司\电子书格式转换站\电子书转换工具站 — Ahrefs关键词数据最终完整报告.md
ahrefs,epub to txt,epub to txt,2026-07-09,5,epub2txt.com,epub2txt.com,,DR=—;UR=—;Backlinks=—;Domains=—;Traffic=—;Keywords=—,,E:\一人公司\电子书格式转换站\电子书转换工具站 — Ahrefs关键词数据最终完整报告.md
ahrefs,doc to epub,doc to epub,2026-07-09,1,freeconvert.com/word-t...,freeconvert.com,,DR=—;UR=—;Backlinks=—;Domains=—;Traffic=—;Keywords=8,,E:\一人公司\电子书格式转换站\电子书转换工具站 — Ahrefs关键词数据最终完整报告.md
ahrefs,doc to epub,doc to epub,2026-07-09,2,ebook.online-convert.com,ebook.online-convert.com,,DR=80;UR=5;Backlinks=3;Domains=3;Traffic=62;Keywords=5,,E:\一人公司\电子书格式转换站\电子书转换工具站 — Ahrefs关键词数据最终完整报告.md
ahrefs,doc to epub,doc to epub,2026-07-09,3,reddit.com/r/Calibre,reddit.com,,DR=95;UR=0;Backlinks=20;Domains=3;Traffic=—;Keywords=—,,E:\一人公司\电子书格式转换站\电子书转换工具站 — Ahrefs关键词数据最终完整报告.md
ahrefs,djvu to pdf,djvu to pdf,2026-07-09,1,djvu2pdf.com,djvu2pdf.com,,DR=32;UR=6;Backlinks=659;Domains=473;Traffic=5.9K;Keywords=42,,E:\一人公司\电子书格式转换站\电子书转换工具站 — Ahrefs关键词数据最终完整报告.md
ahrefs,djvu to pdf,djvu to pdf,2026-07-09,2,cloudconvert.com/djvu-to-pdf,cloudconvert.com,,DR=82;UR=4;Backlinks=11;Domains=7;Traffic=2.0K;Keywords=23,,E:\一人公司\电子书格式转换站\电子书转换工具站 — Ahrefs关键词数据最终完整报告.md
ahrefs,djvu to pdf,djvu to pdf,2026-07-09,3,pdf2go.com/djvu-to-pdf,pdf2go.com,,DR=73;UR=4;Backlinks=12;Domains=7;Traffic=673;Keywords=21,,E:\一人公司\电子书格式转换站\电子书转换工具站 — Ahrefs关键词数据最终完整报告.md
ahrefs,epub to azw3,epub to azw3,2026-07-09,,,,,KD=0;backlinks_needed=0;top1_traffic=—;reddit_in_serp=❌;status=✅ 已验证,keyword_difficulty_summary,E:\一人公司\电子书格式转换站\电子书转换工具站 — Ahrefs关键词数据最终完整报告.md
ahrefs,azw3 to epub,azw3 to epub,2026-07-09,,,,,KD=0;backlinks_needed=0;top1_traffic=—;reddit_in_serp=✅ Reddit #2;status=✅ 已验证,keyword_difficulty_summary,E:\一人公司\电子书格式转换站\电子书转换工具站 — Ahrefs关键词数据最终完整报告.md
ahrefs,epub to rtf,epub to rtf,2026-07-09,,,,,KD=0;backlinks_needed=0;top1_traffic=—;reddit_in_serp=❌;status=✅ 已验证,keyword_difficulty_summary,E:\一人公司\电子书格式转换站\电子书转换工具站 — Ahrefs关键词数据最终完整报告.md
ahrefs,epub to jpg,epub to jpg,2026-07-09,,,,,KD=0;backlinks_needed=0;top1_traffic=—;reddit_in_serp=❌;status=✅ 已验证,keyword_difficulty_summary,E:\一人公司\电子书格式转换站\电子书转换工具站 — Ahrefs关键词数据最终完整报告.md
ahrefs,epub to html,epub to html,2026-07-09,,,,,KD=0;backlinks_needed=0;top1_traffic=—;reddit_in_serp=✅ Reddit #2;status=✅ 已验证,keyword_difficulty_summary,E:\一人公司\电子书格式转换站\电子书转换工具站 — Ahrefs关键词数据最终完整报告.md
ahrefs,epub to doc,epub to doc,2026-07-09,,,,,KD=0;backlinks_needed=0;top1_traffic=388;reddit_in_serp=❌;status=✅ 已验证,keyword_difficulty_summary,E:\一人公司\电子书格式转换站\电子书转换工具站 — Ahrefs关键词数据最终完整报告.md
ahrefs,fb2 to epub,fb2 to epub,2026-07-09,,,,,KD=0;backlinks_needed=0;top1_traffic=242;reddit_in_serp=❌;status=✅ 已验证,keyword_difficulty_summary,E:\一人公司\电子书格式转换站\电子书转换工具站 — Ahrefs关键词数据最终完整报告.md
ahrefs,lit to epub,lit to epub,2026-07-09,,,,,KD=0;backlinks_needed=0;top1_traffic=10.8K;reddit_in_serp=❌;status=✅ 已验证,keyword_difficulty_summary,E:\一人公司\电子书格式转换站\电子书转换工具站 — Ahrefs关键词数据最终完整报告.md
ahrefs,epub to pdf linux,epub to pdf linux,2026-07-09,,,,,KD=0;backlinks_needed=0;top1_traffic=—;reddit_in_serp=✅ Reddit #4;status=✅ 已验证,keyword_difficulty_summary,E:\一人公司\电子书格式转换站\电子书转换工具站 — Ahrefs关键词数据最终完整报告.md
ahrefs,rtf to epub,rtf to epub,2026-07-09,,,,,KD=0;backlinks_needed=0;top1_traffic=—;reddit_in_serp=✅ Reddit #3;status=🆕 本轮新增,keyword_difficulty_summary,E:\一人公司\电子书格式转换站\电子书转换工具站 — Ahrefs关键词数据最终完整报告.md
ahrefs,epub to png,epub to png,2026-07-09,,,,,KD=0;backlinks_needed=0;top1_traffic=—;reddit_in_serp=✅ Reddit #3;status=🆕 本轮新增,keyword_difficulty_summary,E:\一人公司\电子书格式转换站\电子书转换工具站 — Ahrefs关键词数据最终完整报告.md
ahrefs,azw3 to mobi,azw3 to mobi,2026-07-09,,,,,KD=0;backlinks_needed=0;top1_traffic=56;reddit_in_serp=✅ Reddit #4;status=🆕 本轮新增,keyword_difficulty_summary,E:\一人公司\电子书格式转换站\电子书转换工具站 — Ahrefs关键词数据最终完整报告.md
ahrefs,mobi to txt,mobi to txt,2026-07-09,,,,,KD=0;backlinks_needed=0;top1_traffic=—;reddit_in_serp=❌;status=🆕 本轮新增,keyword_difficulty_summary,E:\一人公司\电子书格式转换站\电子书转换工具站 — Ahrefs关键词数据最终完整报告.md
ahrefs,epub to word,epub to word,2026-07-09,,,,,KD=1;backlinks_needed=2;top1_traffic=—;reddit_in_serp=✅ Reddit #3;status=✅ 已验证,keyword_difficulty_summary,E:\一人公司\电子书格式转换站\电子书转换工具站 — Ahrefs关键词数据最终完整报告.md
ahrefs,docx to epub,docx to epub,2026-07-09,,,,,KD=1;backlinks_needed=2;top1_traffic=—;reddit_in_serp=✅ Reddit #2;status=✅ 已验证,keyword_difficulty_summary,E:\一人公司\电子书格式转换站\电子书转换工具站 — Ahrefs关键词数据最终完整报告.md
ahrefs,txt to epub,txt to epub,2026-07-09,,,,,KD=1;backlinks_needed=2;top1_traffic=197;reddit_in_serp=✅ Reddit #3;status=✅ 已验证,keyword_difficulty_summary,E:\一人公司\电子书格式转换站\电子书转换工具站 — Ahrefs关键词数据最终完整报告.md
ahrefs,html to epub,html to epub,2026-07-09,,,,,KD=1;backlinks_needed=2;top1_traffic=—;reddit_in_serp=✅ Reddit #2;status=🆕 本轮新增,keyword_difficulty_summary,E:\一人公司\电子书格式转换站\电子书转换工具站 — Ahrefs关键词数据最终完整报告.md
ahrefs,epub to text,epub to text,2026-07-09,,,,,KD=2;backlinks_needed=3;top1_traffic=—;reddit_in_serp=✅ Reddit #2;status=✅ 已验证,keyword_difficulty_summary,E:\一人公司\电子书格式转换站\电子书转换工具站 — Ahrefs关键词数据最终完整报告.md
ahrefs,azw3 to pdf,azw3 to pdf,2026-07-09,,,,,KD=2;backlinks_needed=3;top1_traffic=2K;reddit_in_serp=❌;status=✅ 已验证,keyword_difficulty_summary,E:\一人公司\电子书格式转换站\电子书转换工具站 — Ahrefs关键词数据最终完整报告.md
ahrefs,mobi to epub,mobi to epub,2026-07-09,,,,,KD=2;backlinks_needed=3;top1_traffic=1.6K;reddit_in_serp=❌;status=✅ 已验证,keyword_difficulty_summary,E:\一人公司\电子书格式转换站\电子书转换工具站 — Ahrefs关键词数据最终完整报告.md
ahrefs,epub to txt,epub to txt,2026-07-09,,,,,KD=2;backlinks_needed=3;top1_traffic=6.5K;reddit_in_serp=✅ Reddit #3;status=🆕 本轮新增,keyword_difficulty_summary,E:\一人公司\电子书格式转换站\电子书转换工具站 — Ahrefs关键词数据最终完整报告.md
ahrefs,doc to epub,doc to epub,2026-07-09,,,,,KD=3;backlinks_needed=4;top1_traffic=—;reddit_in_serp=✅ Reddit #3;status=🆕 本轮新增,keyword_difficulty_summary,E:\一人公司\电子书格式转换站\电子书转换工具站 — Ahrefs关键词数据最终完整报告.md
ahrefs,cbr to pdf,cbr to pdf,2026-07-09,,,,,KD=5;backlinks_needed=6;top1_traffic=896;reddit_in_serp=✅ Reddit #3;status=✅ 已验证,keyword_difficulty_summary,E:\一人公司\电子书格式转换站\电子书转换工具站 — Ahrefs关键词数据最终完整报告.md
ahrefs,mobi to pdf,mobi to pdf,2026-07-09,,,,,KD=5;backlinks_needed=6;top1_traffic=—;reddit_in_serp=❌;status=✅ 已验证,keyword_difficulty_summary,E:\一人公司\电子书格式转换站\电子书转换工具站 — Ahrefs关键词数据最终完整报告.md
ahrefs,pdf to epub,pdf to epub,2026-07-09,,,,,KD=8;backlinks_needed=9;top1_traffic=6.8K;reddit_in_serp=✅ Reddit #2;status=✅ 已验证,keyword_difficulty_summary,E:\一人公司\电子书格式转换站\电子书转换工具站 — Ahrefs关键词数据最终完整报告.md
ahrefs,epub to mobi,epub to mobi,2026-07-09,,,,,KD=10;backlinks_needed=11;top1_traffic=1.6K;reddit_in_serp=❌;status=✅ 已验证,keyword_difficulty_summary,E:\一人公司\电子书格式转换站\电子书转换工具站 — Ahrefs关键词数据最终完整报告.md
ahrefs,djvu to pdf,djvu to pdf,2026-07-09,,,,,KD=8;backlinks_needed=9;top1_traffic=5.9K;reddit_in_serp=❌;status=🆕 本轮新增,keyword_difficulty_summary,E:\一人公司\电子书格式转换站\电子书转换工具站 — Ahrefs关键词数据最终完整报告.md
ahrefs,epub to pdf,epub to pdf,2026-07-09,,,,,KD=38;backlinks_needed=51;top1_traffic=—;reddit_in_serp=❌;status=✅ 已验证（困难）,keyword_difficulty_summary,E:\一人公司\电子书格式转换站\电子书转换工具站 — Ahrefs关键词数据最终完整报告.md
serp_observation,mobi to epub,mobi to epub,2026-08-09,1,sohu.com/a/...,sohu.com,,sohu;内容页(教程);I,curated_observation_approx_position,E:\一人公司\电子书格式转换站\ebook-converter\geo\SERP竞品分析-第1批-2026-08-09.md
serp_observation,mobi to epub,mobi to epub,2026-08-09,2,sohu.com/...,sohu.com,,sohu;内容页(教程);I,curated_observation_approx_position,E:\一人公司\电子书格式转换站\ebook-converter\geo\SERP竞品分析-第1批-2026-08-09.md
serp_observation,mobi to epub,mobi to epub,2026-08-09,3,zhihu/baidu 经验类,zhihu,,—;内容页;I,curated_observation_approx_position,E:\一人公司\电子书格式转换站\ebook-converter\geo\SERP竞品分析-第1批-2026-08-09.md
serp_observation,mobi to epub,mobi to epub,2026-08-09,4,anyconv.com/mobi-to-epub-converter,anyconv.com,,anyconv;混合页;T,curated_observation_approx_position,E:\一人公司\电子书格式转换站\ebook-converter\geo\SERP竞品分析-第1批-2026-08-09.md
serp_observation,mobi to epub,mobi to epub,2026-08-09,,bookconv.com/convert/mobi-to-epub,bookconv.com,,bookconv;工具页;**T ✅(68.8)**,curated_observation_approx_position,E:\一人公司\电子书格式转换站\ebook-converter\geo\SERP竞品分析-第1批-2026-08-09.md
serp_observation,mobi to epub converter online free,mobi to epub converter online free,2026-08-09,1,megaconvert.io/**id**/mobi-ke-epub,megaconvert.io,,megaconvert;工具页（印尼语本地化）,curated_observation_approx_position,E:\一人公司\电子书格式转换站\ebook-converter\geo\SERP竞品分析-第1批-2026-08-09.md
serp_observation,mobi to epub converter online free,mobi to epub converter online free,2026-08-09,2,megaconvert.io/**sv**/mobi-till-epub,megaconvert.io,,megaconvert;工具页（瑞典语本地化）,curated_observation_approx_position,E:\一人公司\电子书格式转换站\ebook-converter\geo\SERP竞品分析-第1批-2026-08-09.md
serp_observation,mobi to epub converter online free,mobi to epub converter online free,2026-08-09,3,converteverything.io/converter/mobi/epub,converteverything.io,,converteverything;工具页（企业级 + API + MCP）,curated_observation_approx_position,E:\一人公司\电子书格式转换站\ebook-converter\geo\SERP竞品分析-第1批-2026-08-09.md
serp_observation,mobi to epub converter online free,mobi to epub converter online free,2026-08-09,4,anyconv.com/**tw**/mobi-zhuan-epub,anyconv.com,,anyconv;工具页（繁中本地化）,curated_observation_approx_position,E:\一人公司\电子书格式转换站\ebook-converter\geo\SERP竞品分析-第1批-2026-08-09.md
serp_observation,mobi to epub converter online free,mobi to epub converter online free,2026-08-09,5,convertintomp4.com/**zh**/mobi-to-epub,convertintomp4.com,,convertintomp4;工具页（简中本地化）,curated_observation_approx_position,E:\一人公司\电子书格式转换站\ebook-converter\geo\SERP竞品分析-第1批-2026-08-09.md
serp_observation,mobi a epub convertidor online gratis,mobi a epub convertidor online gratis,2026-08-09,1,megaconvert.io/**es**/mobi-a-epub,megaconvert.io,,megaconvert;工具页（西语本地化）,curated_observation_approx_position,E:\一人公司\电子书格式转换站\ebook-converter\geo\SERP竞品分析-第1批-2026-08-09.md
serp_observation,mobi a epub convertidor online gratis,mobi a epub convertidor online gratis,2026-08-09,2,converteverything.io/converter/mobi/epub,converteverything.io,,converteverything;工具页,curated_observation_approx_position,E:\一人公司\电子书格式转换站\ebook-converter\geo\SERP竞品分析-第1批-2026-08-09.md
serp_observation,mobi a epub convertidor online gratis,mobi a epub convertidor online gratis,2026-08-09,3,convertintomp4.com/**nl**/mobi-to-epub,convertintomp4.com,,convertintomp4;工具页（荷兰语本地化）,curated_observation_approx_position,E:\一人公司\电子书格式转换站\ebook-converter\geo\SERP竞品分析-第1批-2026-08-09.md
serp_observation,mobi a epub convertidor online gratis,mobi a epub convertidor online gratis,2026-08-09,4,testmuai.com/free-online-tools/mobi-to-epub,testmuai.com,,"testmuai;浏览器端工具（""nothing uploaded""隐私卖点）",curated_observation_approx_position,E:\一人公司\电子书格式转换站\ebook-converter\geo\SERP竞品分析-第1批-2026-08-09.md
serp_observation,epub to zip converter online free,epub to zip converter online free,2026-08-09,1,freefileconvert.com/epub-zip,freefileconvert.com,,freefileconvert;工具页,curated_observation_approx_position,E:\一人公司\电子书格式转换站\ebook-converter\geo\SERP竞品分析-第1批-2026-08-09.md
serp_observation,epub to zip converter online free,epub to zip converter online free,2026-08-09,2,word.to/epub-zip,word.to,,word.to;工具页,curated_observation_approx_position,E:\一人公司\电子书格式转换站\ebook-converter\geo\SERP竞品分析-第1批-2026-08-09.md
serp_observation,epub to zip converter online free,epub to zip converter online free,2026-08-09,3,epub.to/epub-zip,epub.to,,epub.to;工具页,curated_observation_approx_position,E:\一人公司\电子书格式转换站\ebook-converter\geo\SERP竞品分析-第1批-2026-08-09.md
serp_observation,epub to zip converter online free,epub to zip converter online free,2026-08-09,,bookconv.com/convert/epub-to-zip,bookconv.com,,bookconv;工具页 ✅(~8-10),curated_observation_approx_position,E:\一人公司\电子书格式转换站\ebook-converter\geo\SERP竞品分析-第1批-2026-08-09.md
serp_observation,mobi vs azw3 which format for kindle,mobi vs azw3 which format for kindle,2026-08-09,1,formatdrop.com/compare/azw3-vs-mobi,formatdrop.com,,formatdrop;内容/对比页,curated_observation_approx_position,E:\一人公司\电子书格式转换站\ebook-converter\geo\SERP竞品分析-第1批-2026-08-09.md
serp_observation,mobi vs azw3 which format for kindle,mobi vs azw3 which format for kindle,2026-08-09,2,blog.fileformat.com/...,blog.fileformat.com,,fileformat;内容页,curated_observation_approx_position,E:\一人公司\电子书格式转换站\ebook-converter\geo\SERP竞品分析-第1批-2026-08-09.md
serp_observation,mobi vs azw3 which format for kindle,mobi vs azw3 which format for kindle,2026-08-09,3,everydaytech.org/...,everydaytech.org,,everydaytech;内容页,curated_observation_approx_position,E:\一人公司\电子书格式转换站\ebook-converter\geo\SERP竞品分析-第1批-2026-08-09.md
serp_observation,mobi vs azw3 which format for kindle,mobi vs azw3 which format for kindle,2026-08-09,4,pdfguru.com/...,pdfguru.com,,pdfguru;内容页,curated_observation_approx_position,E:\一人公司\电子书格式转换站\ebook-converter\geo\SERP竞品分析-第1批-2026-08-09.md
serp_observation,mobi vs azw3 which format for kindle,mobi vs azw3 which format for kindle,2026-08-09,,bookconv.com/blog/azw3-vs-mobi,bookconv.com,,bookconv;内容页 ✅(~10),curated_observation_approx_position,E:\一人公司\电子书格式转换站\ebook-converter\geo\SERP竞品分析-第1批-2026-08-09.md
serp_observation,azw3 to mobi converter,azw3 to mobi converter,2026-08-09,1,megaconvert.io/azw3-to-mobi,megaconvert.io,,megaconvert;工具页,curated_observation_approx_position,E:\一人公司\电子书格式转换站\ebook-converter\geo\SERP竞品分析-第1批-2026-08-09.md
serp_observation,azw3 to mobi converter,azw3 to mobi converter,2026-08-09,2,iformat.io/...,iformat.io,,iformat;工具页,curated_observation_approx_position,E:\一人公司\电子书格式转换站\ebook-converter\geo\SERP竞品分析-第1批-2026-08-09.md
serp_observation,azw3 to mobi converter,azw3 to mobi converter,2026-08-09,3,convert999.com/...,convert999.com,,convert999;工具页,curated_observation_approx_position,E:\一人公司\电子书格式转换站\ebook-converter\geo\SERP竞品分析-第1批-2026-08-09.md
serp_observation,azw3 to mobi converter,azw3 to mobi converter,2026-08-09,,bookconv.com/convert/azw3-to-mobi,bookconv.com,,bookconv;工具页 ✅(42.8),curated_observation_approx_position,E:\一人公司\电子书格式转换站\ebook-converter\geo\SERP竞品分析-第1批-2026-08-09.md
serp_observation,epub to mobi converter online free,epub to mobi converter online free,2026-08-09,1,megaconvert.io/epub-to-mobi,megaconvert.io,,megaconvert;工具页（本地化矩阵之一）,curated_observation_approx_position,E:\一人公司\电子书格式转换站\ebook-converter\geo\SERP竞品分析-第1批-2026-08-09.md
serp_observation,epub to mobi converter online free,epub to mobi converter online free,2026-08-09,2,convert999.com/...,convert999.com,,convert999;工具页,curated_observation_approx_position,E:\一人公司\电子书格式转换站\ebook-converter\geo\SERP竞品分析-第1批-2026-08-09.md
serp_observation,epub to mobi converter online free,epub to mobi converter online free,2026-08-09,3,中文教程类,中文教程类,,—;内容页,curated_observation_approx_position,E:\一人公司\电子书格式转换站\ebook-converter\geo\SERP竞品分析-第1批-2026-08-09.md
serp_observation,epub to mobi converter online free,epub to mobi converter online free,2026-08-09,,bookconv.com/convert/epub-to-mobi,bookconv.com,,bookconv;工具页 ✅(~66),curated_observation_approx_position,E:\一人公司\电子书格式转换站\ebook-converter\geo\SERP竞品分析-第1批-2026-08-09.md
serp_observation,epub to txt,epub to txt,2026-08-09,1,megaconvert.io/epub-to-txt,megaconvert.io,,megaconvert;工具页,curated_observation_approx_position,E:\一人公司\电子书格式转换站\ebook-converter\geo\SERP竞品分析-第1批-2026-08-09.md
serp_observation,epub to txt,epub to txt,2026-08-09,2,其他小工具站,其他小工具站,,—;工具页,curated_observation_approx_position,E:\一人公司\电子书格式转换站\ebook-converter\geo\SERP竞品分析-第1批-2026-08-09.md
serp_observation,epub to txt,epub to txt,2026-08-09,,bookconv.com/convert/epub-to-txt,bookconv.com,,bookconv;工具页 ✅(待 GSC 确认),curated_observation_approx_position,E:\一人公司\电子书格式转换站\ebook-converter\geo\SERP竞品分析-第1批-2026-08-09.md
serp_observation,does azw3 work on kindle,does azw3 work on kindle,2026-08-09,1,file-extension.info/en/format/azw3,file-extension.info,,file-extension;内容页,curated_observation_approx_position,E:\一人公司\电子书格式转换站\ebook-converter\geo\SERP竞品分析-第1批-2026-08-09.md
serp_observation,does azw3 work on kindle,does azw3 work on kindle,2026-08-09,2,其他格式科普站,其他格式科普站,,—;内容页,curated_observation_approx_position,E:\一人公司\电子书格式转换站\ebook-converter\geo\SERP竞品分析-第1批-2026-08-09.md
serp_observation,does azw3 work on kindle,does azw3 work on kindle,2026-08-09,,bookconv.com/blog/can-kindle-read-azw3,bookconv.com,,bookconv;内容页 ✅(12.0),curated_observation_approx_position,E:\一人公司\电子书格式转换站\ebook-converter\geo\SERP竞品分析-第1批-2026-08-09.md
serp_observation,mobi or azw3 for kindle,mobi or azw3 for kindle,2026-08-09,,格式对比内容站,格式对比内容站,,—;内容页,curated_observation_approx_position,E:\一人公司\电子书格式转换站\ebook-converter\geo\SERP竞品分析-第1批-2026-08-09.md
serp_observation,mobi or azw3 for kindle,mobi or azw3 for kindle,2026-08-09,,bookconv.com/blog/mobi-or-azw3-for-kindle,bookconv.com,,bookconv;内容页 ✅(10.0),curated_observation_approx_position,E:\一人公司\电子书格式转换站\ebook-converter\geo\SERP竞品分析-第1批-2026-08-09.md
serp_observation,(heading_not_captured),(heading_not_captured),2026-08-09,1,azw to mobi,azw to mobi,,Convert999(522异常) · FreeConvert;事务;小工具站;现有页 /convert/azw-to-mobi（未进前20）,curated_observation_approx_position,E:\一人公司\电子书格式转换站\ebook-converter\geo\SERP竞品分析-第2批-2026-08-09.md
serp_observation,(heading_not_captured),(heading_not_captured),2026-08-09,2,lit to mobi,lit to mobi,,Convert999 · MiConv · FileCraft;事务;小工具站;现有页 /convert/lit-to-mobi,curated_observation_approx_position,E:\一人公司\电子书格式转换站\ebook-converter\geo\SERP竞品分析-第2批-2026-08-09.md
serp_observation,(heading_not_captured),(heading_not_captured),2026-08-09,3,zip to epub,zip to epub,,GroupDocs/Conholdate(API页) · ezyZip(免费);事务;文档平台+免费工具;**无专页**（仅反向 epub-to-zip）,curated_observation_approx_position,E:\一人公司\电子书格式转换站\ebook-converter\geo\SERP竞品分析-第2批-2026-08-09.md
serp_observation,(heading_not_captured),(heading_not_captured),2026-08-09,4,mobi to kobo,mobi to kobo,,"工具页+软件卖页混排;场景;混合;优化 /convert/mobi-to-epub ""For Kobo"" 段",curated_observation_approx_position,E:\一人公司\电子书格式转换站\ebook-converter\geo\SERP竞品分析-第2批-2026-08-09.md
serp_observation,(heading_not_captured),(heading_not_captured),2026-08-09,5,chm to mobi,chm to mobi,,OnlineConvert(老牌中DA) · RunConvert;事务;中DA工具站;现有页 /convert/chm-to-mobi,curated_observation_approx_position,E:\一人公司\电子书格式转换站\ebook-converter\geo\SERP竞品分析-第2批-2026-08-09.md
serp_observation,(heading_not_captured),(heading_not_captured),2026-08-09,6,lit to epub,lit to epub,,MegaConvert(多语矩阵) · AnyConv;事务;矩阵霸屏;**位 28** /convert/lit-to-epub,curated_observation_approx_position,E:\一人公司\电子书格式转换站\ebook-converter\geo\SERP竞品分析-第2批-2026-08-09.md
serp_observation,(heading_not_captured),(heading_not_captured),2026-08-09,7,convert epub to azw3,convert epub to azw3,,MegaConvert(nl/it矩阵) · 杂项;事务;矩阵霸屏;现有页 /convert/epub-to-azw3,curated_observation_approx_position,E:\一人公司\电子书格式转换站\ebook-converter\geo\SERP竞品分析-第2批-2026-08-09.md
serp_observation,(heading_not_captured),(heading_not_captured),2026-08-09,8,can kindle read azw3,can kindle read azw3,,内容页(Blog/fileformat) · 我们;信息;内容页;**我们博客在榜** /blog/can-kindle-read-azw3,curated_observation_approx_position,E:\一人公司\电子书格式转换站\ebook-converter\geo\SERP竞品分析-第2批-2026-08-09.md
serp_observation,(heading_not_captured),(heading_not_captured),2026-08-09,9,what is azw3,what is azw3,,格式库页(fileformat等);信息;格式百科;内容散于 epub-to-azw3/can-kindle 段，无独立页,curated_observation_approx_position,E:\一人公司\电子书格式转换站\ebook-converter\geo\SERP竞品分析-第2批-2026-08-09.md
serp_observation,(heading_not_captured),(heading_not_captured),2026-08-09,10,conversor mobi a epub(西),conversor mobi a epub(西),,MegaConvert(es矩阵) · 西语工具;事务;矩阵霸屏;/es/convert/mobi-to-epub,curated_observation_approx_position,E:\一人公司\电子书格式转换站\ebook-converter\geo\SERP竞品分析-第2批-2026-08-09.md
serp_observation,(heading_not_captured),(heading_not_captured),2026-08-09,11,calibre ebook converter alternative,calibre ebook converter alternative,,评测/指南页;商业调研;内容页;现有 /guide/calibre-alternative,curated_observation_approx_position,E:\一人公司\电子书格式转换站\ebook-converter\geo\SERP竞品分析-第2批-2026-08-09.md
serp_observation,(heading_not_captured),(heading_not_captured),2026-08-09,12,epub to zip converter,epub to zip converter,,小工具站(freefileconvert等);事务;小工具站;快赢位 ~8–10 /convert/epub-to-zip,curated_observation_approx_position,E:\一人公司\电子书格式转换站\ebook-converter\geo\SERP竞品分析-第2批-2026-08-09.md
serp_observation,(heading_not_captured),(heading_not_captured),2026-08-09,13,zip epub converter,zip epub converter,,同上变体;事务;小工具站;同 epub-to-zip,curated_observation_approx_position,E:\一人公司\电子书格式转换站\ebook-converter\geo\SERP竞品分析-第2批-2026-08-09.md
serp_observation,(heading_not_captured),(heading_not_captured),2026-08-11,,10.53,10.53,,中（信息页混战）;中高;**P1** — 内链集权已完成，等 8/12 数据验证,curated_observation_approx_position,E:\一人公司\电子书格式转换站\ebook-converter\数据分析\SERP审计-azw3-mobi-epub-zip-2026-08-11.md
serp_observation,(heading_not_captured),(heading_not_captured),2026-08-11,,9.70 / 20.2,9.70 ,,高（全是工具站）;高;**P0** — 最接近点击的词，需优化标题/meta,curated_observation_approx_position,E:\一人公司\电子书格式转换站\ebook-converter\数据分析\SERP审计-azw3-mobi-epub-zip-2026-08-11.md
