source,community,thread_title,thread_url,query_raw,query_key,extracted_question,topic,intent,related_content_target,date,source_file
reddit,r/kindle,,https://www.reddit.com/r/kindle/comments/1amggwm/can_i_move_my_epub_files_into_kindle_to_read/,How do I convert EPUB to read on my Kindle Paperwhite without losing formatting?,how do i convert epub to read on my kindle paperwhite without losing formatting?,How do I convert EPUB to read on my Kindle Paperwhite without losing formatting?,,device,epub-to-azw3,,E:\一人公司\电子书格式转换站\ebook-converter\geo\reddit-signals.csv
reddit,r/kindle,,https://www.reddit.com/r/kindle/comments/139r8vl/whats_the_best_format_to_convert_epub_ebooks_to/,How do I convert EPUB to read on my Kindle Paperwhite without losing formatting?,how do i convert epub to read on my kindle paperwhite without losing formatting?,How do I convert EPUB to read on my Kindle Paperwhite without losing formatting?,,device,epub-to-azw3,,E:\一人公司\电子书格式转换站\ebook-converter\geo\reddit-signals.csv
reddit,r/kindle,,https://www.reddit.com/r/kindle/comments/114ieca/is_there_any_way_to_load_epub_files_onto_a_kindle/,How do I convert EPUB to read on my Kindle Paperwhite without losing formatting?,how do i convert epub to read on my kindle paperwhite without losing formatting?,How do I convert EPUB to read on my Kindle Paperwhite without losing formatting?,,device,epub-to-azw3,,E:\一人公司\电子书格式转换站\ebook-converter\geo\reddit-signals.csv
reddit,r/Calibre,,https://www.reddit.com/r/Calibre/comments/105vr4y/what_format_do_i_need_to_convert_my_kindle_ebooks/,Amazon dropped MOBI on Kindle. Should I convert my books to EPUB or AZW3?,amazon dropped mobi on kindle. should i convert my books to epub or azw3?,Amazon dropped MOBI on Kindle. Should I convert my books to EPUB or AZW3?,,device,azw3-to-epub,,E:\一人公司\电子书格式转换站\ebook-converter\geo\reddit-signals.csv
reddit,r/kindle,,https://www.reddit.com/r/kindle/comments/8qi32b/converting_epub_files_mobi_or_azw3/,Amazon dropped MOBI on Kindle. Should I convert my books to EPUB or AZW3?,amazon dropped mobi on kindle. should i convert my books to epub or azw3?,Amazon dropped MOBI on Kindle. Should I convert my books to EPUB or AZW3?,,device,azw3-to-epub,,E:\一人公司\电子书格式转换站\ebook-converter\geo\reddit-signals.csv
reddit,r/kindle,,https://www.reddit.com/r/kindle/comments/yh1ucx/between_azw_mobi_and_epub_which_is_the_best_and/,Amazon dropped MOBI on Kindle. Should I convert my books to EPUB or AZW3?,amazon dropped mobi on kindle. should i convert my books to epub or azw3?,Amazon dropped MOBI on Kindle. Should I convert my books to EPUB or AZW3?,,device,azw3-to-epub,,E:\一人公司\电子书格式转换站\ebook-converter\geo\reddit-signals.csv
reddit,r/Ubuntu,,https://www.reddit.com/r/Ubuntu/comments/nqj3gn/epub_to_pdf_converter_software/,How can I convert EPUB to PDF on Linux command line using a simple tool?,how can i convert epub to pdf on linux command line using a simple tool?,How can I convert EPUB to PDF on Linux command line using a simple tool?,,device,epub-to-pdf,,E:\一人公司\电子书格式转换站\ebook-converter\geo\reddit-signals.csv
reddit,r/notebooklm,,https://www.reddit.com/r/notebooklm/comments/1g46z8b/how_is_everyone_getting_the_ebooks_necessary_to/,How do I extract text from an EPUB or MOBI book to upload into NotebookLM?,how do i extract text from an epub or mobi book to upload into notebooklm?,How do I extract text from an EPUB or MOBI book to upload into NotebookLM?,,ai-feed,epub-to-txt,,E:\一人公司\电子书格式转换站\ebook-converter\geo\reddit-signals.csv
reddit,r/notebooklm,,https://www.reddit.com/r/notebooklm/comments/1tt08if/i_cannot_longer_upload_epubs_as_a_source/,How do I extract text from an EPUB or MOBI book to upload into NotebookLM?,how do i extract text from an epub or mobi book to upload into notebooklm?,How do I extract text from an EPUB or MOBI book to upload into NotebookLM?,,ai-feed,epub-to-txt,,E:\一人公司\电子书格式转换站\ebook-converter\geo\reddit-signals.csv
reddit,r/notebooklm,,https://www.reddit.com/r/notebooklm/comments/1pyjurm/i_made_a_tool_that_converts_epub_files_into/,How do I extract text from an EPUB or MOBI book to upload into NotebookLM?,how do i extract text from an epub or mobi book to upload into notebooklm?,How do I extract text from an EPUB or MOBI book to upload into NotebookLM?,,ai-feed,epub-to-txt,,E:\一人公司\电子书格式转换站\ebook-converter\geo\reddit-signals.csv
reddit,r/notebooklm,,https://www.reddit.com/r/notebooklm/comments/1pyjurm/i_made_a_tool_that_converts_epub_files_into/,What is the easiest way to convert EPUB to TXT without line break issues?,what is the easiest way to convert epub to txt without line break issues?,What is the easiest way to convert EPUB to TXT without line break issues?,,ai-feed,epub-to-txt,,E:\一人公司\电子书格式转换站\ebook-converter\geo\reddit-signals.csv
reddit,r/Calibre,,https://www.reddit.com/r/Calibre/comments/18d3btd/how_to_get_reflowable_epub_from_pdf_scanned_ebooks/,How do I convert a scanned PDF into a reflowable EPUB so text reflows on my phone?,how do i convert a scanned pdf into a reflowable epub so text reflows on my phone?,How do I convert a scanned PDF into a reflowable EPUB so text reflows on my phone?,,layout,pdf-to-epub,,E:\一人公司\电子书格式转换站\ebook-converter\geo\reddit-signals.csv
reddit,r/kindle,,https://www.reddit.com/r/kindle/comments/qdcul7/which_tools_to_use_to_convert_epub_to_mobi/,What is the fastest online tool to convert EPUB to MOBI for free without installing Calibre?,what is the fastest online tool to convert epub to mobi for free without installing calibre?,What is the fastest online tool to convert EPUB to MOBI for free without installing Calibre?,,efficiency,epub-to-mobi,,E:\一人公司\电子书格式转换站\ebook-converter\geo\reddit-signals.csv
reddit,r/Calibre,,https://www.reddit.com/r/Calibre/comments/13yhk1b/why_does_my_pdf_look_a_mess_after_converting_from/,Why does my converted PDF look broken when I change EPUB to PDF?,why does my converted pdf look broken when i change epub to pdf?,Why does my converted PDF look broken when I change EPUB to PDF?,,troubleshoot,fix-epub-to-pdf-formatting,,E:\一人公司\电子书格式转换站\ebook-converter\geo\reddit-signals.csv
reddit,r/Calibre,,https://www.reddit.com/r/Calibre/comments/zydt1n/converted_pdf_to_epub_formatting_got_all_weird/,Why does my converted PDF look broken when I change EPUB to PDF?,why does my converted pdf look broken when i change epub to pdf?,Why does my converted PDF look broken when I change EPUB to PDF?,,troubleshoot,fix-epub-to-pdf-formatting,,E:\一人公司\电子书格式转换站\ebook-converter\geo\reddit-signals.csv
reddit,r/kindle,,https://www.reddit.com/r/kindle/comments/1cc9ep9/azw3_vs_epub_whats_the_difference/,What is EPUB / MOBI / AZW3 format?,what is epub / mobi / azw3 format?,What is EPUB / MOBI / AZW3 format?,,troubleshoot,ebook-formats-explained,,E:\一人公司\电子书格式转换站\ebook-converter\geo\reddit-signals.csv
reddit,r/DataHoarder,,https://www.reddit.com/r/DataHoarder/comments/lii5qj/pdfs_vs_epubs/,EPUB vs PDF which is better?,epub vs pdf which is better?,EPUB vs PDF which is better?,,troubleshoot,epub-vs-pdf,,E:\一人公司\电子书格式转换站\ebook-converter\geo\reddit-signals.csv
