question_id,cluster_id
1,1
4,1
10,1
3,2
5,2
7,2
2,3
6,3
8,3
9,3
12,5
13,5
14,5
15,5
16,6
17,6
18,6
19,6
20,7
21,7
22,7
23,7
24,8
25,8
26,8
27,9
28,9
29,9
30,9
31,10
32,10
33,10
34,10
35,10
36,11
37,11
38,11
39,11
47,12
54,12
55,12
56,12
57,12
58,12
60,12
61,12
63,12
69,12
70,12
73,12
74,12
80,12
83,12
84,12
103,12
107,12
115,12
122,12
130,12
156,12
157,12
171,12
205,12
206,12
212,12
221,12
224,12
225,12
234,12
235,12
238,12
240,12
241,12
249,12
250,12
251,12
256,12
267,12
44,13
71,13
75,13
79,13
81,13
82,13
85,13
89,13
118,13
119,13
120,13
129,13
140,13
161,13
184,13
236,13
239,13
262,13
263,13
266,13
64,14
76,14
78,14
108,14
110,14
123,14
135,14
144,14
165,14
172,14
182,14
186,14
197,14
203,14
223,14
259,14
264,14
265,14
271,14
51,15
52,15
53,15
59,15
65,15
145,15
176,15
183,15
200,15
201,15
226,15
245,15
246,15
258,15
62,16
90,16
91,16
94,16
96,16
100,16
101,16
102,16
104,16
105,16
114,16
116,16
117,16
132,16
133,16
134,16
139,16
151,16
152,16
153,16
154,16
178,16
179,16
185,16
188,16
189,16
193,16
207,16
209,16
210,16
227,16
232,16
233,16
269,16
125,17
126,17
127,17
136,17
137,17
138,17
141,17
142,17
143,17
146,17
147,17
148,17
149,17
150,17
162,17
163,17
198,17
260,17
48,18
72,18
155,18
181,18
187,18
202,18
211,18
218,18
222,18
237,18
45,19
46,19
50,19
67,19
111,19
112,19
113,19
170,19
175,19
199,19
204,19
230,19
231,19
86,20
87,20
92,20
93,20
95,20
97,20
98,20
99,20
106,20
109,20
164,20
166,20
167,20
168,20
169,20
173,20
174,20
180,20
190,20
191,20
192,20
194,20
195,20
196,20
213,20
214,20
215,20
216,20
217,20
219,20
220,20
228,20
229,20
242,20
243,20
244,20
252,20
253,20
254,20
255,20
272,20
49,21
66,21
68,21
77,21
88,21
121,21
124,21
128,21
131,21
158,21
159,21
160,21
177,21
208,21
247,21
248,21
257,21
261,21
268,21
270,21
