热门查询,点击次数,展示,点击率,排名
mobi to epub,0,8,0%,72.38
epub to txt,0,5,0%,69.2
convert mobi to epub,0,5,0%,71.4
epub to zip,0,4,0%,8
convert epub to zip,0,3,0%,8
azw3 to mobi,0,3,0%,30.67
convert azw3 to mobi,0,2,0%,54.5
epub txt,0,2,0%,72
azw3 vs mobi,0,1,0%,22
zip epub,0,1,0%,33
zip to epub,0,1,0%,47
conversor mobi a epub,0,1,0%,48
mobi in epub,0,1,0%,56
convertire mobi in epub,0,1,0%,57
mobi convert to epub,0,1,0%,68
azw to mobi,0,1,0%,69
mobi into epub,0,1,0%,69
epub txt converter,0,1,0%,76
epub or mobi for kindle,0,1,0%,77
epub to txt convert,0,1,0%,77
epub to txt converter,0,1,0%,77
epub oder mobi,0,1,0%,83
how to change epub to mobi,0,1,0%,84
lit ebook format,0,1,0%,85